0 verbose cli C:\Program Files\nodejs\node.exe C:\Program Files\nodejs\node_modules\npm\bin\npm-cli.js
1 info using npm@11.16.0
2 info using node@v26.3.0
3 silly config load:file:C:\Program Files\nodejs\node_modules\npm\npmrc
4 silly config load:file:C:\Users\hprsh\Documents\Codex\2026-07-27\files-mentioned-by-the-user-you\outputs\blog-management-frontend\.npmrc
5 silly config load:file:C:\Users\hprsh\.npmrc
6 silly config load:file:C:\Users\hprsh\AppData\Roaming\npm\etc\npmrc
7 verbose title npm install
8 verbose argv "install" "--cache" ".npm-cache"
9 verbose logfile logs-max:10 dir:C:\Users\hprsh\Documents\Codex\2026-07-27\files-mentioned-by-the-user-you\outputs\blog-management-frontend\.npm-cache\_logs\2026-07-27T14_56_40_043Z-
10 verbose logfile C:\Users\hprsh\Documents\Codex\2026-07-27\files-mentioned-by-the-user-you\outputs\blog-management-frontend\.npm-cache\_logs\2026-07-27T14_56_40_043Z-debug-0.log
11 silly logfile done cleaning log files
12 silly packumentCache heap:2248146944 maxSize:562036736 maxEntrySize:281018368
13 silly idealTree buildDeps
14 silly fetch manifest @hookform/resolvers@^3.10.0
15 silly packumentCache full:https://registry.npmjs.org/@hookform%2fresolvers cache-miss
16 http fetch GET 200 https://registry.npmjs.org/npm 172ms
17 http fetch GET 200 https://registry.npmjs.org/@hookform%2fresolvers 171ms (cache miss)
18 silly packumentCache full:https://registry.npmjs.org/@hookform%2fresolvers set size:undefined disposed:false
19 silly fetch manifest react-hook-form@^7.54.2
20 silly packumentCache full:https://registry.npmjs.org/react-hook-form cache-miss
21 http fetch GET 200 https://registry.npmjs.org/react-hook-form 158ms (cache miss)
22 silly packumentCache full:https://registry.npmjs.org/react-hook-form set size:undefined disposed:false
23 silly fetch manifest react@^18.3.1
24 silly packumentCache full:https://registry.npmjs.org/react cache-miss
25 http fetch GET 200 https://registry.npmjs.org/react 203ms (cache miss)
26 silly packumentCache full:https://registry.npmjs.org/react set size:undefined disposed:false
27 silly fetch manifest axios@^1.8.4
28 silly packumentCache full:https://registry.npmjs.org/axios cache-miss
29 http fetch GET 200 https://registry.npmjs.org/axios 65ms (cache miss)
30 silly packumentCache full:https://registry.npmjs.org/axios set size:undefined disposed:false
31 silly fetch manifest lucide-react@^0.468.0
32 silly packumentCache full:https://registry.npmjs.org/lucide-react cache-miss
33 http fetch GET 200 https://registry.npmjs.org/lucide-react 95ms (cache miss)
34 silly packumentCache full:https://registry.npmjs.org/lucide-react set size:undefined disposed:false
35 silly fetch manifest react-dom@^18.3.1
36 silly packumentCache full:https://registry.npmjs.org/react-dom cache-miss
37 http fetch GET 200 https://registry.npmjs.org/react-dom 236ms (cache miss)
38 silly packumentCache full:https://registry.npmjs.org/react-dom set size:undefined disposed:false
39 silly fetch manifest react-router-dom@^7.1.5
40 silly packumentCache full:https://registry.npmjs.org/react-router-dom cache-miss
41 http fetch GET 200 https://registry.npmjs.org/react-router-dom 130ms (cache miss)
42 silly packumentCache full:https://registry.npmjs.org/react-router-dom set size:undefined disposed:false
43 silly fetch manifest react-hot-toast@^2.5.1
44 silly packumentCache full:https://registry.npmjs.org/react-hot-toast cache-miss
45 http fetch GET 200 https://registry.npmjs.org/react-hot-toast 36ms (cache miss)
46 silly packumentCache full:https://registry.npmjs.org/react-hot-toast set size:undefined disposed:false
47 silly fetch manifest recharts@^2.15.1
48 silly packumentCache full:https://registry.npmjs.org/recharts cache-miss
49 http fetch GET 200 https://registry.npmjs.org/recharts 62ms (cache miss)
50 silly packumentCache full:https://registry.npmjs.org/recharts set size:undefined disposed:false
51 silly fetch manifest @eslint/js@^9.17.0
52 silly packumentCache full:https://registry.npmjs.org/@eslint%2fjs cache-miss
53 http fetch GET 200 https://registry.npmjs.org/@eslint%2fjs 64ms (cache miss)
54 silly packumentCache full:https://registry.npmjs.org/@eslint%2fjs set size:undefined disposed:false
55 silly fetch manifest @types/react@^18.3.18
56 silly packumentCache full:https://registry.npmjs.org/@types%2freact cache-miss
57 http fetch GET 200 https://registry.npmjs.org/@types%2freact 106ms (cache miss)
58 silly packumentCache full:https://registry.npmjs.org/@types%2freact set size:undefined disposed:false
59 silly fetch manifest @types/react-dom@^18.3.5
60 silly packumentCache full:https://registry.npmjs.org/@types%2freact-dom cache-miss
61 http fetch GET 200 https://registry.npmjs.org/@types%2freact-dom 55ms (cache miss)
62 silly packumentCache full:https://registry.npmjs.org/@types%2freact-dom set size:undefined disposed:false
63 silly fetch manifest @vitejs/plugin-react@^4.3.4
64 silly packumentCache full:https://registry.npmjs.org/@vitejs%2fplugin-react cache-miss
65 http fetch GET 200 https://registry.npmjs.org/@vitejs%2fplugin-react 56ms (cache miss)
66 silly packumentCache full:https://registry.npmjs.org/@vitejs%2fplugin-react set size:undefined disposed:false
67 silly fetch manifest vite@^6.0.5
68 silly packumentCache full:https://registry.npmjs.org/vite cache-miss
69 http fetch GET 200 https://registry.npmjs.org/vite 1522ms (cache miss)
70 silly packumentCache full:https://registry.npmjs.org/vite set size:undefined disposed:false
71 silly fetch manifest @types/node@^18.0.0 || ^20.0.0 || >=22.0.0
72 silly packumentCache full:https://registry.npmjs.org/@types%2fnode cache-miss
73 http fetch GET 200 https://registry.npmjs.org/@types%2fnode 252ms (cache miss)
74 silly packumentCache full:https://registry.npmjs.org/@types%2fnode set size:undefined disposed:false
75 silly fetch manifest jiti@>=1.21.0
76 silly packumentCache full:https://registry.npmjs.org/jiti cache-miss
77 http fetch GET 200 https://registry.npmjs.org/jiti 333ms (cache miss)
78 silly packumentCache full:https://registry.npmjs.org/jiti set size:undefined disposed:false
79 silly fetch manifest less@*
80 silly packumentCache full:https://registry.npmjs.org/less cache-miss
81 http fetch GET 200 https://registry.npmjs.org/less 44ms (cache miss)
82 silly packumentCache full:https://registry.npmjs.org/less set size:undefined disposed:false
83 silly fetch manifest lightningcss@^1.21.0
84 silly packumentCache full:https://registry.npmjs.org/lightningcss cache-miss
85 http fetch GET 200 https://registry.npmjs.org/lightningcss 66ms (cache miss)
86 silly packumentCache full:https://registry.npmjs.org/lightningcss set size:undefined disposed:false
87 silly fetch manifest sass@*
88 silly packumentCache full:https://registry.npmjs.org/sass cache-miss
89 http fetch GET 200 https://registry.npmjs.org/sass 71ms (cache miss)
90 silly packumentCache full:https://registry.npmjs.org/sass set size:undefined disposed:false
91 silly fetch manifest sass-embedded@*
92 silly packumentCache full:https://registry.npmjs.org/sass-embedded cache-miss
93 http fetch GET 200 https://registry.npmjs.org/sass-embedded 68ms (cache miss)
94 silly packumentCache full:https://registry.npmjs.org/sass-embedded set size:undefined disposed:false
95 silly fetch manifest stylus@*
96 silly packumentCache full:https://registry.npmjs.org/stylus cache-miss
97 http fetch GET 200 https://registry.npmjs.org/stylus 46ms (cache miss)
98 silly packumentCache full:https://registry.npmjs.org/stylus set size:undefined disposed:false
99 silly fetch manifest sugarss@*
100 silly packumentCache full:https://registry.npmjs.org/sugarss cache-miss
101 http fetch GET 200 https://registry.npmjs.org/sugarss 35ms (cache miss)
102 silly packumentCache full:https://registry.npmjs.org/sugarss set size:undefined disposed:false
103 silly fetch manifest postcss@^8.5.1
104 silly packumentCache full:https://registry.npmjs.org/postcss cache-miss
105 http fetch GET 200 https://registry.npmjs.org/postcss 308ms (cache miss)
106 silly packumentCache full:https://registry.npmjs.org/postcss set size:undefined disposed:false
107 silly fetch manifest terser@^5.16.0
108 silly packumentCache full:https://registry.npmjs.org/terser cache-miss
109 http fetch GET 200 https://registry.npmjs.org/terser 61ms (cache miss)
110 silly packumentCache full:https://registry.npmjs.org/terser set size:undefined disposed:false
111 silly fetch manifest tsx@^4.8.1
112 silly packumentCache full:https://registry.npmjs.org/tsx cache-miss
113 http fetch GET 200 https://registry.npmjs.org/tsx 60ms (cache miss)
114 silly packumentCache full:https://registry.npmjs.org/tsx set size:undefined disposed:false
115 silly fetch manifest yaml@^2.4.2
116 silly packumentCache full:https://registry.npmjs.org/yaml cache-miss
117 http fetch GET 200 https://registry.npmjs.org/yaml 56ms (cache miss)
118 silly packumentCache full:https://registry.npmjs.org/yaml set size:undefined disposed:false
119 silly fetch manifest autoprefixer@^10.4.20
120 silly packumentCache full:https://registry.npmjs.org/autoprefixer cache-miss
121 http fetch GET 200 https://registry.npmjs.org/autoprefixer 79ms (cache miss)
122 silly packumentCache full:https://registry.npmjs.org/autoprefixer set size:undefined disposed:false
123 silly fetch manifest eslint@^9.17.0
124 silly packumentCache full:https://registry.npmjs.org/eslint cache-miss
125 http fetch GET 200 https://registry.npmjs.org/eslint 93ms (cache miss)
126 silly packumentCache full:https://registry.npmjs.org/eslint set size:undefined disposed:false
127 silly fetch manifest jiti@*
128 silly packumentCache full:https://registry.npmjs.org/jiti cache-miss
129 http cache https://registry.npmjs.org/jiti 16ms (cache hit)
130 silly packumentCache full:https://registry.npmjs.org/jiti set size:387989 disposed:false
131 silly fetch manifest eslint-plugin-react-hooks@^5.0.0
132 silly packumentCache full:https://registry.npmjs.org/eslint-plugin-react-hooks cache-miss
133 http fetch GET 200 https://registry.npmjs.org/eslint-plugin-react-hooks 179ms (cache miss)
134 silly packumentCache full:https://registry.npmjs.org/eslint-plugin-react-hooks set size:undefined disposed:false
135 silly fetch manifest eslint-plugin-react-refresh@^0.4.16
136 silly packumentCache full:https://registry.npmjs.org/eslint-plugin-react-refresh cache-miss
137 http fetch GET 200 https://registry.npmjs.org/eslint-plugin-react-refresh 51ms (cache miss)
138 silly packumentCache full:https://registry.npmjs.org/eslint-plugin-react-refresh set size:undefined disposed:false
139 silly fetch manifest globals@^15.14.0
140 silly packumentCache full:https://registry.npmjs.org/globals cache-miss
141 http fetch GET 200 https://registry.npmjs.org/globals 42ms (cache miss)
142 silly packumentCache full:https://registry.npmjs.org/globals set size:undefined disposed:false
143 silly fetch manifest prettier@^3.4.2
144 silly packumentCache full:https://registry.npmjs.org/prettier cache-miss
145 http fetch GET 200 https://registry.npmjs.org/prettier 335ms (cache miss)
146 silly packumentCache full:https://registry.npmjs.org/prettier set size:undefined disposed:false
147 silly fetch manifest tailwindcss@^3.4.17
148 silly packumentCache full:https://registry.npmjs.org/tailwindcss cache-miss
149 http fetch GET 200 https://registry.npmjs.org/tailwindcss 256ms (cache miss)
150 silly packumentCache full:https://registry.npmjs.org/tailwindcss set size:undefined disposed:false
151 silly placeDep ROOT @eslint/js@9.39.5 OK for: blog-management-frontend@1.0.0 want: ^9.17.0
152 silly placeDep ROOT @hookform/resolvers@3.10.0 OK for: blog-management-frontend@1.0.0 want: ^3.10.0
153 silly placeDep ROOT react-hook-form@7.83.0 OK for: @hookform/resolvers@3.10.0 want: ^7.0.0
154 silly placeDep ROOT react@18.3.1 OK for: react-hook-form@7.83.0 want: ^16.8.0 || ^17 || ^18 || ^19
155 silly placeDep ROOT @types/react@18.3.31 OK for: blog-management-frontend@1.0.0 want: ^18.3.18
156 silly placeDep ROOT @types/react-dom@18.3.7 OK for: blog-management-frontend@1.0.0 want: ^18.3.5
157 silly placeDep ROOT @vitejs/plugin-react@4.7.0 OK for: blog-management-frontend@1.0.0 want: ^4.3.4
158 silly placeDep ROOT vite@6.4.3 OK for: @vitejs/plugin-react@4.7.0 want: ^4.2.0 || ^5.0.0 || ^6.0.0 || ^7.0.0
159 silly placeDep ROOT autoprefixer@10.5.4 OK for: blog-management-frontend@1.0.0 want: ^10.4.20
160 silly placeDep ROOT postcss@8.5.23 OK for: autoprefixer@10.5.4 want: ^8.1.0
161 silly placeDep ROOT axios@1.18.1 OK for: blog-management-frontend@1.0.0 want: ^1.8.4
162 silly placeDep ROOT eslint@9.39.5 OK for: blog-management-frontend@1.0.0 want: ^9.17.0
163 silly placeDep ROOT eslint-plugin-react-hooks@5.2.0 OK for: blog-management-frontend@1.0.0 want: ^5.0.0
164 silly placeDep ROOT eslint-plugin-react-refresh@0.4.26 OK for: blog-management-frontend@1.0.0 want: ^0.4.16
165 silly placeDep ROOT globals@15.15.0 OK for: blog-management-frontend@1.0.0 want: ^15.14.0
166 silly placeDep ROOT lucide-react@0.468.0 OK for: blog-management-frontend@1.0.0 want: ^0.468.0
167 silly placeDep ROOT prettier@3.9.6 OK for: blog-management-frontend@1.0.0 want: ^3.4.2
168 silly placeDep ROOT react-dom@18.3.1 OK for: blog-management-frontend@1.0.0 want: ^18.3.1
169 silly placeDep ROOT react-hot-toast@2.6.0 OK for: blog-management-frontend@1.0.0 want: ^2.5.1
170 silly placeDep ROOT react-router-dom@7.18.1 OK for: blog-management-frontend@1.0.0 want: ^7.1.5
171 silly placeDep ROOT recharts@2.15.4 OK for: blog-management-frontend@1.0.0 want: ^2.15.1
172 silly placeDep ROOT tailwindcss@3.4.19 OK for: blog-management-frontend@1.0.0 want: ^3.4.17
173 silly fetch manifest loose-envify@^1.1.0
174 silly packumentCache full:https://registry.npmjs.org/loose-envify cache-miss
175 silly fetch manifest csstype@^3.2.2
176 silly packumentCache full:https://registry.npmjs.org/csstype cache-miss
177 silly fetch manifest @types/prop-types@*
178 silly packumentCache full:https://registry.npmjs.org/@types%2fprop-types cache-miss
179 silly fetch manifest @babel/core@^7.28.0
180 silly packumentCache full:https://registry.npmjs.org/@babel%2fcore cache-miss
181 silly fetch manifest react-refresh@^0.17.0
182 silly packumentCache full:https://registry.npmjs.org/react-refresh cache-miss
183 silly fetch manifest @types/babel__core@^7.20.5
184 silly packumentCache full:https://registry.npmjs.org/@types%2fbabel__core cache-miss
185 silly fetch manifest @rolldown/pluginutils@1.0.0-beta.27
186 silly packumentCache full:https://registry.npmjs.org/@rolldown%2fpluginutils cache-miss
187 silly fetch manifest @babel/plugin-transform-react-jsx-self@^7.27.1
188 silly packumentCache full:https://registry.npmjs.org/@babel%2fplugin-transform-react-jsx-self cache-miss
189 silly fetch manifest @babel/plugin-transform-react-jsx-source@^7.27.1
190 silly packumentCache full:https://registry.npmjs.org/@babel%2fplugin-transform-react-jsx-source cache-miss
191 silly fetch manifest fdir@^6.4.4
192 silly packumentCache full:https://registry.npmjs.org/fdir cache-miss
193 silly fetch manifest rollup@^4.34.9
194 silly packumentCache full:https://registry.npmjs.org/rollup cache-miss
195 http fetch GET 200 https://registry.npmjs.org/@types%2fprop-types 162ms (cache miss)
196 silly packumentCache full:https://registry.npmjs.org/@types%2fprop-types set size:undefined disposed:false
197 silly fetch manifest esbuild@^0.25.0
198 silly packumentCache full:https://registry.npmjs.org/esbuild cache-miss
199 http fetch GET 200 https://registry.npmjs.org/@types%2fbabel__core 168ms (cache miss)
200 silly packumentCache full:https://registry.npmjs.org/@types%2fbabel__core set size:undefined disposed:false
201 silly fetch manifest postcss@^8.5.3
202 silly packumentCache full:https://registry.npmjs.org/postcss cache-miss
203 http fetch GET 200 https://registry.npmjs.org/fdir 173ms (cache miss)
204 silly packumentCache full:https://registry.npmjs.org/fdir set size:undefined disposed:false
205 silly fetch manifest picomatch@^4.0.2
206 silly packumentCache full:https://registry.npmjs.org/picomatch cache-miss
207 http cache https://registry.npmjs.org/postcss 20ms (cache hit)
208 silly packumentCache full:https://registry.npmjs.org/postcss set size:749954 disposed:false
209 silly fetch manifest tinyglobby@^0.2.13
210 silly packumentCache full:https://registry.npmjs.org/tinyglobby cache-miss
211 http fetch GET 200 https://registry.npmjs.org/@rolldown%2fpluginutils 203ms (cache miss)
212 silly packumentCache full:https://registry.npmjs.org/@rolldown%2fpluginutils set size:undefined disposed:false
213 silly fetch manifest fsevents@~2.3.3
214 silly packumentCache full:https://registry.npmjs.org/fsevents cache-miss
215 http fetch GET 200 https://registry.npmjs.org/picomatch 55ms (cache miss)
216 silly packumentCache full:https://registry.npmjs.org/picomatch set size:undefined disposed:false
217 silly fetch manifest picocolors@^1.1.1
218 silly packumentCache full:https://registry.npmjs.org/picocolors cache-miss
219 http fetch GET 200 https://registry.npmjs.org/@babel%2fcore 252ms (cache miss)
220 silly packumentCache full:https://registry.npmjs.org/@babel%2fcore set size:undefined disposed:false
221 silly fetch manifest fraction.js@^5.3.4
222 silly packumentCache full:https://registry.npmjs.org/fraction.js cache-miss
223 http fetch GET 200 https://registry.npmjs.org/tinyglobby 69ms (cache miss)
224 silly packumentCache full:https://registry.npmjs.org/tinyglobby set size:undefined disposed:false
225 silly fetch manifest browserslist@^4.28.6
226 silly packumentCache full:https://registry.npmjs.org/browserslist cache-miss
227 http fetch GET 200 https://registry.npmjs.org/fsevents 65ms (cache miss)
228 silly packumentCache full:https://registry.npmjs.org/fsevents set size:undefined disposed:false
229 silly fetch manifest caniuse-lite@^1.0.30001806
230 silly packumentCache full:https://registry.npmjs.org/caniuse-lite cache-miss
231 http fetch GET 200 https://registry.npmjs.org/picocolors 52ms (cache miss)
232 silly packumentCache full:https://registry.npmjs.org/picocolors set size:undefined disposed:false
233 silly fetch manifest postcss-value-parser@^4.2.0
234 silly packumentCache full:https://registry.npmjs.org/postcss-value-parser cache-miss
235 http fetch GET 200 https://registry.npmjs.org/fraction.js 60ms (cache miss)
236 silly packumentCache full:https://registry.npmjs.org/fraction.js set size:undefined disposed:false
237 silly fetch manifest nanoid@^3.3.16
238 silly packumentCache full:https://registry.npmjs.org/nanoid cache-miss
239 http fetch GET 200 https://registry.npmjs.org/esbuild 161ms (cache miss)
240 silly packumentCache full:https://registry.npmjs.org/esbuild set size:undefined disposed:false
241 silly fetch manifest source-map-js@^1.2.1
242 silly packumentCache full:https://registry.npmjs.org/source-map-js cache-miss
243 http fetch GET 200 https://registry.npmjs.org/loose-envify 343ms (cache miss)
244 silly packumentCache full:https://registry.npmjs.org/loose-envify set size:undefined disposed:false
245 silly fetch manifest form-data@^4.0.5
246 silly packumentCache full:https://registry.npmjs.org/form-data cache-miss
247 http fetch GET 200 https://registry.npmjs.org/postcss-value-parser 61ms (cache miss)
248 silly packumentCache full:https://registry.npmjs.org/postcss-value-parser set size:undefined disposed:false
249 silly fetch manifest proxy-from-env@^2.1.0
250 silly packumentCache full:https://registry.npmjs.org/proxy-from-env cache-miss
251 http fetch GET 200 https://registry.npmjs.org/csstype 360ms (cache miss)
252 silly packumentCache full:https://registry.npmjs.org/csstype set size:undefined disposed:false
253 silly fetch manifest follow-redirects@^1.16.0
254 silly packumentCache full:https://registry.npmjs.org/follow-redirects cache-miss
255 http fetch GET 200 https://registry.npmjs.org/browserslist 98ms (cache miss)
256 silly packumentCache full:https://registry.npmjs.org/browserslist set size:undefined disposed:false
257 silly fetch manifest https-proxy-agent@^5.0.1
258 silly packumentCache full:https://registry.npmjs.org/https-proxy-agent cache-miss
259 http fetch GET 200 https://registry.npmjs.org/form-data 61ms (cache miss)
260 silly packumentCache full:https://registry.npmjs.org/form-data set size:undefined disposed:false
261 silly fetch manifest ajv@^6.14.0
262 silly packumentCache full:https://registry.npmjs.org/ajv cache-miss
263 http fetch GET 200 https://registry.npmjs.org/nanoid 87ms (cache miss)
264 silly packumentCache full:https://registry.npmjs.org/nanoid set size:undefined disposed:false
265 silly fetch manifest chalk@^4.0.0
266 silly packumentCache full:https://registry.npmjs.org/chalk cache-miss
267 http fetch GET 200 https://registry.npmjs.org/proxy-from-env 74ms (cache miss)
268 silly packumentCache full:https://registry.npmjs.org/proxy-from-env set size:undefined disposed:false
269 silly fetch manifest debug@^4.3.2
270 silly packumentCache full:https://registry.npmjs.org/debug cache-miss
271 http fetch GET 200 https://registry.npmjs.org/follow-redirects 74ms (cache miss)
272 silly packumentCache full:https://registry.npmjs.org/follow-redirects set size:undefined disposed:false
273 silly fetch manifest espree@^10.4.0
274 silly packumentCache full:https://registry.npmjs.org/espree cache-miss
275 http fetch GET 200 https://registry.npmjs.org/https-proxy-agent 74ms (cache miss)
276 silly packumentCache full:https://registry.npmjs.org/https-proxy-agent set size:undefined disposed:false
277 silly fetch manifest ignore@^5.2.0
278 silly packumentCache full:https://registry.npmjs.org/ignore cache-miss
279 http fetch GET 200 https://registry.npmjs.org/react-refresh 460ms (cache miss)
280 silly packumentCache full:https://registry.npmjs.org/react-refresh set size:undefined disposed:false
281 silly fetch manifest esquery@^1.5.0
282 silly packumentCache full:https://registry.npmjs.org/esquery cache-miss
283 http fetch GET 200 https://registry.npmjs.org/caniuse-lite 257ms (cache miss)
284 silly packumentCache full:https://registry.npmjs.org/caniuse-lite set size:undefined disposed:false
285 silly fetch manifest esutils@^2.0.2
286 silly packumentCache full:https://registry.npmjs.org/esutils cache-miss
287 http fetch GET 200 https://registry.npmjs.org/ignore 122ms (cache miss)
288 silly packumentCache full:https://registry.npmjs.org/ignore set size:undefined disposed:false
289 silly fetch manifest find-up@^5.0.0
290 silly packumentCache full:https://registry.npmjs.org/find-up cache-miss
291 http fetch GET 200 https://registry.npmjs.org/espree 138ms (cache miss)
292 silly packumentCache full:https://registry.npmjs.org/espree set size:undefined disposed:false
293 silly fetch manifest is-glob@^4.0.0
294 silly packumentCache full:https://registry.npmjs.org/is-glob cache-miss
295 http fetch GET 200 https://registry.npmjs.org/debug 155ms (cache miss)
296 silly packumentCache full:https://registry.npmjs.org/debug set size:undefined disposed:false
297 silly fetch manifest minimatch@^3.1.5
298 silly packumentCache full:https://registry.npmjs.org/minimatch cache-miss
299 http fetch GET 200 https://registry.npmjs.org/esquery 82ms (cache miss)
300 silly packumentCache full:https://registry.npmjs.org/esquery set size:undefined disposed:false
301 silly fetch manifest optionator@^0.9.3
302 silly packumentCache full:https://registry.npmjs.org/optionator cache-miss
303 http fetch GET 200 https://registry.npmjs.org/ajv 209ms (cache miss)
304 silly packumentCache full:https://registry.npmjs.org/ajv set size:undefined disposed:false
305 silly fetch manifest cross-spawn@^7.0.6
306 silly packumentCache full:https://registry.npmjs.org/cross-spawn cache-miss
307 http fetch GET 200 https://registry.npmjs.org/optionator 55ms (cache miss)
308 silly packumentCache full:https://registry.npmjs.org/optionator set size:undefined disposed:false
309 silly fetch manifest glob-parent@^6.0.2
310 silly packumentCache full:https://registry.npmjs.org/glob-parent cache-miss
311 http fetch GET 200 https://registry.npmjs.org/source-map-js 320ms (cache miss)
312 silly packumentCache full:https://registry.npmjs.org/source-map-js set size:undefined disposed:false
313 silly fetch manifest imurmurhash@^0.1.4
314 silly packumentCache full:https://registry.npmjs.org/imurmurhash cache-miss
315 http fetch GET 200 https://registry.npmjs.org/find-up 81ms (cache miss)
316 silly packumentCache full:https://registry.npmjs.org/find-up set size:undefined disposed:false
317 silly fetch manifest @eslint/core@^0.17.0
318 silly packumentCache full:https://registry.npmjs.org/@eslint%2fcore cache-miss
319 http fetch GET 200 https://registry.npmjs.org/is-glob 83ms (cache miss)
320 silly packumentCache full:https://registry.npmjs.org/is-glob set size:undefined disposed:false
321 silly fetch manifest eslint-scope@^8.4.0
322 silly packumentCache full:https://registry.npmjs.org/eslint-scope cache-miss
323 http fetch GET 200 https://registry.npmjs.org/minimatch 96ms (cache miss)
324 silly packumentCache full:https://registry.npmjs.org/minimatch set size:undefined disposed:false
325 silly fetch manifest lodash.merge@^4.6.2
326 silly packumentCache full:https://registry.npmjs.org/lodash.merge cache-miss
327 http fetch GET 200 https://registry.npmjs.org/cross-spawn 80ms (cache miss)
328 silly packumentCache full:https://registry.npmjs.org/cross-spawn set size:undefined disposed:false
329 silly fetch manifest @humanfs/node@^0.16.6
330 silly packumentCache full:https://registry.npmjs.org/@humanfs%2fnode cache-miss
331 http fetch GET 200 https://registry.npmjs.org/glob-parent 84ms (cache miss)
332 silly packumentCache full:https://registry.npmjs.org/glob-parent set size:undefined disposed:false
333 silly fetch manifest @types/estree@^1.0.6
334 silly packumentCache full:https://registry.npmjs.org/@types%2festree cache-miss
335 http fetch GET 200 https://registry.npmjs.org/imurmurhash 85ms (cache miss)
336 silly packumentCache full:https://registry.npmjs.org/imurmurhash set size:undefined disposed:false
337 silly fetch manifest fast-deep-equal@^3.1.3
338 silly packumentCache full:https://registry.npmjs.org/fast-deep-equal cache-miss
339 http fetch GET 200 https://registry.npmjs.org/@babel%2fplugin-transform-react-jsx-self 740ms (cache miss)
340 silly packumentCache full:https://registry.npmjs.org/@babel%2fplugin-transform-react-jsx-self set size:undefined disposed:false
341 silly fetch manifest natural-compare@^1.4.0
342 silly packumentCache full:https://registry.npmjs.org/natural-compare cache-miss
343 http fetch GET 200 https://registry.npmjs.org/eslint-scope 93ms (cache miss)
344 silly packumentCache full:https://registry.npmjs.org/eslint-scope set size:undefined disposed:false
345 silly fetch manifest @eslint/eslintrc@^3.3.6
346 silly packumentCache full:https://registry.npmjs.org/@eslint%2feslintrc cache-miss
347 http fetch GET 200 https://registry.npmjs.org/@eslint%2fcore 106ms (cache miss)
348 silly packumentCache full:https://registry.npmjs.org/@eslint%2fcore set size:undefined disposed:false
349 silly fetch manifest file-entry-cache@^8.0.0
350 silly packumentCache full:https://registry.npmjs.org/file-entry-cache cache-miss
351 http fetch GET 200 https://registry.npmjs.org/chalk 360ms (cache miss)
352 silly packumentCache full:https://registry.npmjs.org/chalk set size:undefined disposed:false
353 silly fetch manifest @eslint/plugin-kit@^0.4.1
354 silly packumentCache full:https://registry.npmjs.org/@eslint%2fplugin-kit cache-miss
355 http fetch GET 200 https://registry.npmjs.org/lodash.merge 96ms (cache miss)
356 silly packumentCache full:https://registry.npmjs.org/lodash.merge set size:undefined disposed:false
357 silly fetch manifest eslint-visitor-keys@^4.2.1
358 silly packumentCache full:https://registry.npmjs.org/eslint-visitor-keys cache-miss
359 http fetch GET 200 https://registry.npmjs.org/@humanfs%2fnode 80ms (cache miss)
360 silly packumentCache full:https://registry.npmjs.org/@humanfs%2fnode set size:undefined disposed:false
361 silly fetch manifest @eslint/config-array@^0.21.2
362 silly packumentCache full:https://registry.npmjs.org/@eslint%2fconfig-array cache-miss
363 http fetch GET 200 https://registry.npmjs.org/@babel%2fplugin-transform-react-jsx-source 803ms (cache miss)
364 silly packumentCache full:https://registry.npmjs.org/@babel%2fplugin-transform-react-jsx-source set size:undefined disposed:false
365 silly fetch manifest @humanwhocodes/retry@^0.4.2
366 silly packumentCache full:https://registry.npmjs.org/@humanwhocodes%2fretry cache-miss
367 http fetch GET 200 https://registry.npmjs.org/natural-compare 64ms (cache miss)
368 silly packumentCache full:https://registry.npmjs.org/natural-compare set size:undefined disposed:false
369 silly fetch manifest escape-string-regexp@^4.0.0
370 silly packumentCache full:https://registry.npmjs.org/escape-string-regexp cache-miss
371 http fetch GET 200 https://registry.npmjs.org/fast-deep-equal 80ms (cache miss)
372 silly packumentCache full:https://registry.npmjs.org/fast-deep-equal set size:undefined disposed:false
373 silly fetch manifest @eslint/config-helpers@^0.4.2
374 silly packumentCache full:https://registry.npmjs.org/@eslint%2fconfig-helpers cache-miss
375 http fetch GET 200 https://registry.npmjs.org/@types%2festree 86ms (cache miss)
376 silly packumentCache full:https://registry.npmjs.org/@types%2festree set size:undefined disposed:false
377 silly fetch manifest @eslint-community/regexpp@^4.12.1
378 silly packumentCache full:https://registry.npmjs.org/@eslint-community%2fregexpp cache-miss
379 http fetch GET 200 https://registry.npmjs.org/file-entry-cache 70ms (cache miss)
380 silly packumentCache full:https://registry.npmjs.org/file-entry-cache set size:undefined disposed:false
381 silly fetch manifest @eslint-community/eslint-utils@^4.8.0
382 silly packumentCache full:https://registry.npmjs.org/@eslint-community%2feslint-utils cache-miss
383 http fetch GET 200 https://registry.npmjs.org/eslint-visitor-keys 63ms (cache miss)
384 silly packumentCache full:https://registry.npmjs.org/eslint-visitor-keys set size:undefined disposed:false
385 silly fetch manifest @humanwhocodes/module-importer@^1.0.1
386 silly packumentCache full:https://registry.npmjs.org/@humanwhocodes%2fmodule-importer cache-miss
387 http fetch GET 200 https://registry.npmjs.org/@eslint%2fconfig-array 70ms (cache miss)
388 silly packumentCache full:https://registry.npmjs.org/@eslint%2fconfig-array set size:undefined disposed:false
389 silly fetch manifest json-stable-stringify-without-jsonify@^1.0.1
390 silly packumentCache full:https://registry.npmjs.org/json-stable-stringify-without-jsonify cache-miss
391 http fetch GET 200 https://registry.npmjs.org/escape-string-regexp 54ms (cache miss)
392 silly packumentCache full:https://registry.npmjs.org/escape-string-regexp set size:undefined disposed:false
393 silly fetch manifest scheduler@^0.23.2
394 silly packumentCache full:https://registry.npmjs.org/scheduler cache-miss
395 http fetch GET 200 https://registry.npmjs.org/@humanwhocodes%2fretry 62ms (cache miss)
396 silly packumentCache full:https://registry.npmjs.org/@humanwhocodes%2fretry set size:undefined disposed:false
397 silly fetch manifest csstype@^3.1.3
398 silly packumentCache full:https://registry.npmjs.org/csstype cache-miss
399 http fetch GET 200 https://registry.npmjs.org/@eslint%2fconfig-helpers 56ms (cache miss)
400 silly packumentCache full:https://registry.npmjs.org/@eslint%2fconfig-helpers set size:undefined disposed:false
401 silly fetch manifest goober@^2.1.16
402 silly packumentCache full:https://registry.npmjs.org/goober cache-miss
403 http fetch GET 200 https://registry.npmjs.org/esutils 347ms (cache miss)
404 silly packumentCache full:https://registry.npmjs.org/esutils set size:undefined disposed:false
405 silly fetch manifest react-router@7.18.1
406 silly packumentCache full:https://registry.npmjs.org/react-router cache-miss
407 http cache https://registry.npmjs.org/csstype 26ms (cache hit)
408 silly packumentCache full:https://registry.npmjs.org/csstype set size:274189 disposed:false
409 silly fetch manifest clsx@^2.0.0
410 silly packumentCache full:https://registry.npmjs.org/clsx cache-miss
411 http fetch GET 200 https://registry.npmjs.org/rollup 907ms (cache miss)
412 silly packumentCache full:https://registry.npmjs.org/rollup set size:undefined disposed:false
413 silly fetch manifest lodash@^4.17.21
414 silly packumentCache full:https://registry.npmjs.org/lodash cache-miss
415 http fetch GET 200 https://registry.npmjs.org/json-stable-stringify-without-jsonify 102ms (cache miss)
416 silly packumentCache full:https://registry.npmjs.org/json-stable-stringify-without-jsonify set size:undefined disposed:false
417 silly fetch manifest react-is@^18.3.1
418 silly packumentCache full:https://registry.npmjs.org/react-is cache-miss
419 http fetch GET 200 https://registry.npmjs.org/@eslint-community%2feslint-utils 130ms (cache miss)
420 silly packumentCache full:https://registry.npmjs.org/@eslint-community%2feslint-utils set size:undefined disposed:false
421 silly fetch manifest react-smooth@^4.0.4
422 silly packumentCache full:https://registry.npmjs.org/react-smooth cache-miss
423 http fetch GET 200 https://registry.npmjs.org/@humanwhocodes%2fmodule-importer 122ms (cache miss)
424 silly packumentCache full:https://registry.npmjs.org/@humanwhocodes%2fmodule-importer set size:undefined disposed:false
425 silly fetch manifest eventemitter3@^4.0.1
426 silly packumentCache full:https://registry.npmjs.org/eventemitter3 cache-miss
427 http fetch GET 200 https://registry.npmjs.org/clsx 85ms (cache miss)
428 silly packumentCache full:https://registry.npmjs.org/clsx set size:undefined disposed:false
429 silly fetch manifest recharts-scale@^0.4.4
430 silly packumentCache full:https://registry.npmjs.org/recharts-scale cache-miss
431 http fetch GET 200 https://registry.npmjs.org/eventemitter3 58ms (cache miss)
432 silly packumentCache full:https://registry.npmjs.org/eventemitter3 set size:undefined disposed:false
433 silly fetch manifest tiny-invariant@^1.3.1
434 silly packumentCache full:https://registry.npmjs.org/tiny-invariant cache-miss
435 http fetch GET 200 https://registry.npmjs.org/lodash 88ms (cache miss)
436 silly packumentCache full:https://registry.npmjs.org/lodash set size:undefined disposed:false
437 silly fetch manifest victory-vendor@^36.6.8
438 silly packumentCache full:https://registry.npmjs.org/victory-vendor cache-miss
439 http fetch GET 200 https://registry.npmjs.org/@eslint%2feslintrc 321ms (cache miss)
440 silly packumentCache full:https://registry.npmjs.org/@eslint%2feslintrc set size:undefined disposed:false
441 silly fetch manifest arg@^5.0.2
442 silly packumentCache full:https://registry.npmjs.org/arg cache-miss
443 http fetch GET 200 https://registry.npmjs.org/tiny-invariant 58ms (cache miss)
444 silly packumentCache full:https://registry.npmjs.org/tiny-invariant set size:undefined disposed:false
445 silly fetch manifest dlv@^1.1.3
446 silly packumentCache full:https://registry.npmjs.org/dlv cache-miss
447 http fetch GET 200 https://registry.npmjs.org/@eslint%2fplugin-kit 319ms (cache miss)
448 silly packumentCache full:https://registry.npmjs.org/@eslint%2fplugin-kit set size:undefined disposed:false
449 silly fetch manifest jiti@^1.21.7
450 silly packumentCache full:https://registry.npmjs.org/jiti cache-hit
451 silly fetch manifest is-glob@^4.0.3
452 silly packumentCache full:https://registry.npmjs.org/is-glob cache-miss
453 http cache https://registry.npmjs.org/is-glob 17ms (cache hit)
454 silly packumentCache full:https://registry.npmjs.org/is-glob set size:40530 disposed:false
455 silly fetch manifest resolve@^1.22.8
456 silly packumentCache full:https://registry.npmjs.org/resolve cache-miss
457 http fetch GET 200 https://registry.npmjs.org/arg 49ms (cache miss)
458 silly packumentCache full:https://registry.npmjs.org/arg set size:undefined disposed:false
459 silly fetch manifest sucrase@^3.35.0
460 silly packumentCache full:https://registry.npmjs.org/sucrase cache-miss
461 http fetch GET 200 https://registry.npmjs.org/react-router 249ms (cache miss)
462 silly packumentCache full:https://registry.npmjs.org/react-router set size:undefined disposed:false
463 silly fetch manifest chokidar@^3.6.0
464 silly packumentCache full:https://registry.npmjs.org/chokidar cache-miss
465 http fetch GET 200 https://registry.npmjs.org/dlv 82ms (cache miss)
466 silly packumentCache full:https://registry.npmjs.org/dlv set size:undefined disposed:false
467 silly fetch manifest fast-glob@^3.3.2
468 silly packumentCache full:https://registry.npmjs.org/fast-glob cache-miss
469 http fetch GET 200 https://registry.npmjs.org/@eslint-community%2fregexpp 364ms (cache miss)
470 silly packumentCache full:https://registry.npmjs.org/@eslint-community%2fregexpp set size:undefined disposed:false
471 silly fetch manifest lilconfig@^3.1.3
472 silly packumentCache full:https://registry.npmjs.org/lilconfig cache-miss
473 http fetch GET 200 https://registry.npmjs.org/resolve 87ms (cache miss)
474 silly packumentCache full:https://registry.npmjs.org/resolve set size:undefined disposed:false
475 silly fetch manifest didyoumean@^1.2.2
476 silly packumentCache full:https://registry.npmjs.org/didyoumean cache-miss
477 http fetch GET 200 https://registry.npmjs.org/sucrase 84ms (cache miss)
478 silly packumentCache full:https://registry.npmjs.org/sucrase set size:undefined disposed:false
479 silly fetch manifest micromatch@^4.0.8
480 silly packumentCache full:https://registry.npmjs.org/micromatch cache-miss
481 http fetch GET 200 https://registry.npmjs.org/chokidar 63ms (cache miss)
482 silly packumentCache full:https://registry.npmjs.org/chokidar set size:undefined disposed:false
483 silly fetch manifest postcss-js@^4.0.1
484 silly packumentCache full:https://registry.npmjs.org/postcss-js cache-miss
485 http fetch GET 200 https://registry.npmjs.org/scheduler 371ms (cache miss)
486 silly packumentCache full:https://registry.npmjs.org/scheduler set size:undefined disposed:false
487 silly fetch manifest object-hash@^3.0.0
488 silly packumentCache full:https://registry.npmjs.org/object-hash cache-miss
489 http fetch GET 200 https://registry.npmjs.org/lilconfig 93ms (cache miss)
490 silly packumentCache full:https://registry.npmjs.org/lilconfig set size:undefined disposed:false
491 silly fetch manifest normalize-path@^3.0.0
492 silly packumentCache full:https://registry.npmjs.org/normalize-path cache-miss
493 http fetch GET 200 https://registry.npmjs.org/didyoumean 102ms (cache miss)
494 silly packumentCache full:https://registry.npmjs.org/didyoumean set size:undefined disposed:false
495 silly fetch manifest postcss-import@^15.1.0
496 silly packumentCache full:https://registry.npmjs.org/postcss-import cache-miss
497 http fetch GET 200 https://registry.npmjs.org/postcss-js 86ms (cache miss)
498 silly packumentCache full:https://registry.npmjs.org/postcss-js set size:undefined disposed:false
499 silly fetch manifest postcss-nested@^6.2.0
500 silly packumentCache full:https://registry.npmjs.org/postcss-nested cache-miss
501 http fetch GET 200 https://registry.npmjs.org/recharts-scale 337ms (cache miss)
502 silly packumentCache full:https://registry.npmjs.org/recharts-scale set size:undefined disposed:false
503 silly fetch manifest @alloc/quick-lru@^5.2.0
504 silly packumentCache full:https://registry.npmjs.org/@alloc%2fquick-lru cache-miss
505 http fetch GET 200 https://registry.npmjs.org/react-smooth 361ms (cache miss)
506 silly packumentCache full:https://registry.npmjs.org/react-smooth set size:undefined disposed:false
507 silly fetch manifest postcss-load-config@^4.0.2 || ^5.0 || ^6.0
508 silly packumentCache full:https://registry.npmjs.org/postcss-load-config cache-miss
509 http fetch GET 200 https://registry.npmjs.org/micromatch 117ms (cache miss)
510 silly packumentCache full:https://registry.npmjs.org/micromatch set size:undefined disposed:false
511 silly fetch manifest postcss-selector-parser@^6.1.2
512 silly packumentCache full:https://registry.npmjs.org/postcss-selector-parser cache-miss
513 http fetch GET 200 https://registry.npmjs.org/object-hash 78ms (cache miss)
514 silly packumentCache full:https://registry.npmjs.org/object-hash set size:undefined disposed:false
515 http fetch GET 200 https://registry.npmjs.org/normalize-path 72ms (cache miss)
516 silly packumentCache full:https://registry.npmjs.org/normalize-path set size:undefined disposed:false
517 http fetch GET 200 https://registry.npmjs.org/postcss-nested 46ms (cache miss)
518 silly packumentCache full:https://registry.npmjs.org/postcss-nested set size:undefined disposed:false
519 http fetch GET 200 https://registry.npmjs.org/postcss-import 59ms (cache miss)
520 silly packumentCache full:https://registry.npmjs.org/postcss-import set size:undefined disposed:false
521 http fetch GET 200 https://registry.npmjs.org/react-is 419ms (cache miss)
522 silly packumentCache full:https://registry.npmjs.org/react-is set size:undefined disposed:false
523 http fetch GET 200 https://registry.npmjs.org/postcss-load-config 87ms (cache miss)
524 silly packumentCache full:https://registry.npmjs.org/postcss-load-config set size:undefined disposed:false
525 http fetch GET 200 https://registry.npmjs.org/postcss-selector-parser 85ms (cache miss)
526 silly packumentCache full:https://registry.npmjs.org/postcss-selector-parser set size:undefined disposed:false
527 http fetch GET 200 https://registry.npmjs.org/fast-glob 302ms (cache miss)
528 silly packumentCache full:https://registry.npmjs.org/fast-glob set size:undefined disposed:false
529 http fetch GET 200 https://registry.npmjs.org/victory-vendor 450ms (cache miss)
530 silly packumentCache full:https://registry.npmjs.org/victory-vendor set size:undefined disposed:false
531 http fetch GET 200 https://registry.npmjs.org/goober 804ms (cache miss)
532 silly packumentCache full:https://registry.npmjs.org/goober set size:undefined disposed:false
533 http fetch GET 200 https://registry.npmjs.org/@alloc%2fquick-lru 573ms (cache miss)
534 silly packumentCache full:https://registry.npmjs.org/@alloc%2fquick-lru set size:undefined disposed:false
535 silly placeDep ROOT @types/prop-types@15.7.15 OK for: @types/react@18.3.31 want: *
536 silly placeDep ROOT csstype@3.2.3 OK for: @types/react@18.3.31 want: ^3.2.2
537 silly placeDep ROOT @babel/core@7.29.7 OK for: @vitejs/plugin-react@4.7.0 want: ^7.28.0
538 silly placeDep ROOT @babel/plugin-transform-react-jsx-self@7.29.7 OK for: @vitejs/plugin-react@4.7.0 want: ^7.27.1
539 silly placeDep ROOT @babel/plugin-transform-react-jsx-source@7.29.7 OK for: @vitejs/plugin-react@4.7.0 want: ^7.27.1
540 silly placeDep ROOT @rolldown/pluginutils@1.0.0-beta.27 OK for: @vitejs/plugin-react@4.7.0 want: 1.0.0-beta.27
541 silly placeDep ROOT @types/babel__core@7.20.5 OK for: @vitejs/plugin-react@4.7.0 want: ^7.20.5
542 silly placeDep ROOT react-refresh@0.17.0 OK for: @vitejs/plugin-react@4.7.0 want: ^0.17.0
543 silly fetch manifest debug@^4.1.0
544 silly packumentCache full:https://registry.npmjs.org/debug cache-miss
545 silly fetch manifest json5@^2.2.3
546 silly packumentCache full:https://registry.npmjs.org/json5 cache-miss
547 silly fetch manifest semver@^6.3.1
548 silly packumentCache full:https://registry.npmjs.org/semver cache-miss
549 silly fetch manifest gensync@^1.0.0-beta.2
550 silly packumentCache full:https://registry.npmjs.org/gensync cache-miss
551 silly fetch manifest @babel/types@^7.29.7
552 silly packumentCache full:https://registry.npmjs.org/@babel%2ftypes cache-miss
553 silly fetch manifest @babel/parser@^7.29.7
554 silly packumentCache full:https://registry.npmjs.org/@babel%2fparser cache-miss
555 silly fetch manifest @babel/helpers@^7.29.7
556 silly packumentCache full:https://registry.npmjs.org/@babel%2fhelpers cache-miss
557 silly fetch manifest @babel/template@^7.29.7
558 silly packumentCache full:https://registry.npmjs.org/@babel%2ftemplate cache-miss
559 silly fetch manifest @babel/traverse@^7.29.7
560 silly packumentCache full:https://registry.npmjs.org/@babel%2ftraverse cache-miss
561 silly fetch manifest @babel/generator@^7.29.7
562 silly packumentCache full:https://registry.npmjs.org/@babel%2fgenerator cache-miss
563 silly fetch manifest @babel/code-frame@^7.29.7
564 silly packumentCache full:https://registry.npmjs.org/@babel%2fcode-frame cache-miss
565 http cache https://registry.npmjs.org/debug 27ms (cache hit)
566 silly packumentCache full:https://registry.npmjs.org/debug set size:195840 disposed:false
567 silly fetch manifest convert-source-map@^2.0.0
568 silly packumentCache full:https://registry.npmjs.org/convert-source-map cache-miss
569 http fetch GET 200 https://registry.npmjs.org/gensync 45ms (cache miss)
570 silly packumentCache full:https://registry.npmjs.org/gensync set size:undefined disposed:false
571 silly fetch manifest @jridgewell/remapping@^2.3.5
572 silly packumentCache full:https://registry.npmjs.org/@jridgewell%2fremapping cache-miss
573 http fetch GET 200 https://registry.npmjs.org/json5 68ms (cache miss)
574 silly packumentCache full:https://registry.npmjs.org/json5 set size:undefined disposed:false
575 silly fetch manifest @babel/helper-module-transforms@^7.29.7
576 silly packumentCache full:https://registry.npmjs.org/@babel%2fhelper-module-transforms cache-miss
577 http fetch GET 200 https://registry.npmjs.org/semver 85ms (cache miss)
578 silly packumentCache full:https://registry.npmjs.org/semver set size:undefined disposed:false
579 silly fetch manifest @babel/helper-compilation-targets@^7.29.7
580 silly packumentCache full:https://registry.npmjs.org/@babel%2fhelper-compilation-targets cache-miss
581 http fetch GET 200 https://registry.npmjs.org/convert-source-map 77ms (cache miss)
582 silly packumentCache full:https://registry.npmjs.org/convert-source-map set size:undefined disposed:false
583 silly fetch manifest @babel/helper-plugin-utils@^7.29.7
584 silly packumentCache full:https://registry.npmjs.org/@babel%2fhelper-plugin-utils cache-miss
585 http fetch GET 200 https://registry.npmjs.org/@jridgewell%2fremapping 68ms (cache miss)
586 silly packumentCache full:https://registry.npmjs.org/@jridgewell%2fremapping set size:undefined disposed:false
587 silly fetch manifest @babel/helper-plugin-utils@^7.29.7
588 silly packumentCache full:https://registry.npmjs.org/@babel%2fhelper-plugin-utils cache-miss
589 http fetch GET 200 https://registry.npmjs.org/@babel%2fcode-frame 124ms (cache miss)
590 silly packumentCache full:https://registry.npmjs.org/@babel%2fcode-frame set size:undefined disposed:false
591 silly fetch manifest @babel/types@^7.20.7
592 silly packumentCache full:https://registry.npmjs.org/@babel%2ftypes cache-miss
593 http fetch GET 200 https://registry.npmjs.org/@babel%2ftemplate 135ms (cache miss)
594 silly packumentCache full:https://registry.npmjs.org/@babel%2ftemplate set size:undefined disposed:false
595 silly fetch manifest @babel/parser@^7.20.7
596 silly packumentCache full:https://registry.npmjs.org/@babel%2fparser cache-miss
597 http fetch GET 200 https://registry.npmjs.org/@babel%2fhelpers 148ms (cache miss)
598 silly packumentCache full:https://registry.npmjs.org/@babel%2fhelpers set size:undefined disposed:false
599 silly fetch manifest @types/babel__template@*
600 silly packumentCache full:https://registry.npmjs.org/@types%2fbabel__template cache-miss
601 http fetch GET 200 https://registry.npmjs.org/@babel%2ftypes 161ms (cache miss)
602 silly packumentCache full:https://registry.npmjs.org/@babel%2ftypes set size:undefined disposed:false
603 silly fetch manifest @types/babel__traverse@*
604 silly packumentCache full:https://registry.npmjs.org/@types%2fbabel__traverse cache-miss
605 http fetch GET 200 https://registry.npmjs.org/@babel%2fgenerator 171ms (cache miss)
606 silly packumentCache full:https://registry.npmjs.org/@babel%2fgenerator set size:undefined disposed:false
607 silly fetch manifest @types/babel__generator@*
608 silly packumentCache full:https://registry.npmjs.org/@types%2fbabel__generator cache-miss
609 http fetch GET 200 https://registry.npmjs.org/@babel%2ftraverse 192ms (cache miss)
610 silly packumentCache full:https://registry.npmjs.org/@babel%2ftraverse set size:undefined disposed:false
611 http fetch GET 200 https://registry.npmjs.org/@babel%2fparser 210ms (cache miss)
612 silly packumentCache full:https://registry.npmjs.org/@babel%2fparser set size:undefined disposed:false
613 http fetch GET 200 https://registry.npmjs.org/@babel%2fhelper-module-transforms 149ms (cache miss)
614 silly packumentCache full:https://registry.npmjs.org/@babel%2fhelper-module-transforms set size:undefined disposed:false
615 http fetch GET 200 https://registry.npmjs.org/@babel%2fhelper-compilation-targets 137ms (cache miss)
616 silly packumentCache full:https://registry.npmjs.org/@babel%2fhelper-compilation-targets set size:undefined disposed:false
617 http fetch GET 200 https://registry.npmjs.org/@babel%2fhelper-plugin-utils 128ms (cache miss)
618 silly packumentCache full:https://registry.npmjs.org/@babel%2fhelper-plugin-utils set size:undefined disposed:false
619 http fetch GET 200 https://registry.npmjs.org/@babel%2fhelper-plugin-utils 122ms (cache miss)
620 silly packumentCache full:https://registry.npmjs.org/@babel%2fhelper-plugin-utils set size:undefined disposed:false
621 http fetch GET 200 https://registry.npmjs.org/@types%2fbabel__template 89ms (cache miss)
622 silly packumentCache full:https://registry.npmjs.org/@types%2fbabel__template set size:undefined disposed:false
623 http fetch GET 200 https://registry.npmjs.org/@babel%2ftypes 122ms (cache miss)
624 silly packumentCache full:https://registry.npmjs.org/@babel%2ftypes set size:undefined disposed:false
625 http fetch GET 200 https://registry.npmjs.org/@types%2fbabel__traverse 89ms (cache miss)
626 silly packumentCache full:https://registry.npmjs.org/@types%2fbabel__traverse set size:undefined disposed:false
627 http fetch GET 200 https://registry.npmjs.org/@babel%2fparser 123ms (cache miss)
628 silly packumentCache full:https://registry.npmjs.org/@babel%2fparser set size:undefined disposed:false
629 http fetch GET 200 https://registry.npmjs.org/@types%2fbabel__generator 309ms (cache miss)
630 silly packumentCache full:https://registry.npmjs.org/@types%2fbabel__generator set size:undefined disposed:false
631 silly fetch manifest @babel/core@^7.0.0
632 silly packumentCache full:https://registry.npmjs.org/@babel%2fcore cache-miss
633 http cache https://registry.npmjs.org/@babel%2fcore 12ms (cache hit)
634 silly packumentCache full:https://registry.npmjs.org/@babel%2fcore set size:788273 disposed:false
635 silly placeDep ROOT @babel/code-frame@7.29.7 OK for: @babel/core@7.29.7 want: ^7.29.7
636 silly placeDep ROOT @babel/generator@7.29.7 OK for: @babel/core@7.29.7 want: ^7.29.7
637 silly placeDep ROOT @babel/helper-compilation-targets@7.29.7 OK for: @babel/core@7.29.7 want: ^7.29.7
638 silly placeDep ROOT @babel/helper-module-transforms@7.29.7 OK for: @babel/core@7.29.7 want: ^7.29.7
639 silly placeDep ROOT @babel/helpers@7.29.7 OK for: @babel/core@7.29.7 want: ^7.29.7
640 silly placeDep ROOT @babel/parser@7.29.7 OK for: @babel/core@7.29.7 want: ^7.29.7
641 silly placeDep ROOT @babel/template@7.29.7 OK for: @babel/core@7.29.7 want: ^7.29.7
642 silly placeDep ROOT @babel/traverse@7.29.7 OK for: @babel/core@7.29.7 want: ^7.29.7
643 silly placeDep ROOT @babel/types@7.29.7 OK for: @babel/core@7.29.7 want: ^7.29.7
644 silly placeDep ROOT @jridgewell/remapping@2.3.5 OK for: @babel/core@7.29.7 want: ^2.3.5
645 silly placeDep ROOT convert-source-map@2.0.0 OK for: @babel/core@7.29.7 want: ^2.0.0
646 silly placeDep ROOT debug@4.4.3 OK for: @babel/core@7.29.7 want: ^4.1.0
647 silly placeDep ROOT gensync@1.0.0-beta.2 OK for: @babel/core@7.29.7 want: ^1.0.0-beta.2
648 silly placeDep ROOT json5@2.2.3 OK for: @babel/core@7.29.7 want: ^2.2.3
649 silly placeDep ROOT semver@6.3.1 OK for: @babel/core@7.29.7 want: ^6.3.1
650 silly fetch manifest js-tokens@^4.0.0
651 silly packumentCache full:https://registry.npmjs.org/js-tokens cache-miss
652 silly fetch manifest @babel/helper-validator-identifier@^7.29.7
653 silly packumentCache full:https://registry.npmjs.org/@babel%2fhelper-validator-identifier cache-miss
654 silly fetch manifest jsesc@^3.0.2
655 silly packumentCache full:https://registry.npmjs.org/jsesc cache-miss
656 silly fetch manifest @jridgewell/gen-mapping@^0.3.12
657 silly packumentCache full:https://registry.npmjs.org/@jridgewell%2fgen-mapping cache-miss
658 silly fetch manifest @jridgewell/trace-mapping@^0.3.28
659 silly packumentCache full:https://registry.npmjs.org/@jridgewell%2ftrace-mapping cache-miss
660 silly fetch manifest lru-cache@^5.1.1
661 silly packumentCache full:https://registry.npmjs.org/lru-cache cache-miss
662 silly fetch manifest browserslist@^4.24.0
663 silly packumentCache full:https://registry.npmjs.org/browserslist cache-miss
664 silly fetch manifest @babel/compat-data@^7.29.7
665 silly packumentCache full:https://registry.npmjs.org/@babel%2fcompat-data cache-miss
666 silly fetch manifest @babel/helper-validator-option@^7.29.7
667 silly packumentCache full:https://registry.npmjs.org/@babel%2fhelper-validator-option cache-miss
668 silly fetch manifest @babel/helper-module-imports@^7.29.7
669 silly packumentCache full:https://registry.npmjs.org/@babel%2fhelper-module-imports cache-miss
670 silly fetch manifest @babel/helper-validator-identifier@^7.29.7
671 silly packumentCache full:https://registry.npmjs.org/@babel%2fhelper-validator-identifier cache-miss
672 http cache https://registry.npmjs.org/browserslist 23ms (cache hit)
673 silly packumentCache full:https://registry.npmjs.org/browserslist set size:516369 disposed:false
674 silly fetch manifest debug@^4.3.1
675 silly packumentCache full:https://registry.npmjs.org/debug cache-hit
676 silly fetch manifest @babel/helper-globals@^7.29.7
677 silly packumentCache full:https://registry.npmjs.org/@babel%2fhelper-globals cache-miss
678 http fetch GET 200 https://registry.npmjs.org/jsesc 93ms (cache miss)
679 silly packumentCache full:https://registry.npmjs.org/jsesc set size:undefined disposed:false
680 silly fetch manifest @babel/helper-string-parser@^7.29.7
681 silly packumentCache full:https://registry.npmjs.org/@babel%2fhelper-string-parser cache-miss
682 http fetch GET 200 https://registry.npmjs.org/js-tokens 101ms (cache miss)
683 silly packumentCache full:https://registry.npmjs.org/js-tokens set size:undefined disposed:false
684 silly fetch manifest @babel/helper-validator-identifier@^7.29.7
685 silly packumentCache full:https://registry.npmjs.org/@babel%2fhelper-validator-identifier cache-miss
686 http fetch GET 200 https://registry.npmjs.org/@babel%2fhelper-validator-identifier 105ms (cache miss)
687 silly packumentCache full:https://registry.npmjs.org/@babel%2fhelper-validator-identifier set size:undefined disposed:false
688 silly fetch manifest @jridgewell/gen-mapping@^0.3.5
689 silly packumentCache full:https://registry.npmjs.org/@jridgewell%2fgen-mapping cache-miss
690 http fetch GET 200 https://registry.npmjs.org/@babel%2fhelper-validator-option 103ms (cache miss)
691 silly packumentCache full:https://registry.npmjs.org/@babel%2fhelper-validator-option set size:undefined disposed:false
692 silly fetch manifest @jridgewell/trace-mapping@^0.3.24
693 silly packumentCache full:https://registry.npmjs.org/@jridgewell%2ftrace-mapping cache-miss
694 http fetch GET 200 https://registry.npmjs.org/@babel%2fhelper-validator-identifier 110ms (cache miss)
695 silly packumentCache full:https://registry.npmjs.org/@babel%2fhelper-validator-identifier set size:undefined disposed:false
696 silly fetch manifest ms@^2.1.3
697 silly packumentCache full:https://registry.npmjs.org/ms cache-miss
698 http fetch GET 200 https://registry.npmjs.org/@jridgewell%2fgen-mapping 123ms (cache miss)
699 silly packumentCache full:https://registry.npmjs.org/@jridgewell%2fgen-mapping set size:undefined disposed:false
700 http fetch GET 200 https://registry.npmjs.org/@babel%2fhelper-globals 98ms (cache miss)
701 silly packumentCache full:https://registry.npmjs.org/@babel%2fhelper-globals set size:undefined disposed:false
702 http fetch GET 200 https://registry.npmjs.org/@jridgewell%2ftrace-mapping 134ms (cache miss)
703 silly packumentCache full:https://registry.npmjs.org/@jridgewell%2ftrace-mapping set size:undefined disposed:false
704 http fetch GET 200 https://registry.npmjs.org/@babel%2fhelper-module-imports 135ms (cache miss)
705 silly packumentCache full:https://registry.npmjs.org/@babel%2fhelper-module-imports set size:undefined disposed:false
706 http fetch GET 200 https://registry.npmjs.org/@babel%2fcompat-data 144ms (cache miss)
707 silly packumentCache full:https://registry.npmjs.org/@babel%2fcompat-data set size:undefined disposed:false
708 http cache https://registry.npmjs.org/@babel%2fhelper-validator-identifier 61ms (cache hit)
709 silly packumentCache full:https://registry.npmjs.org/@babel%2fhelper-validator-identifier set size:130133 disposed:false
710 http cache https://registry.npmjs.org/@jridgewell%2fgen-mapping 58ms (cache hit)
711 silly packumentCache full:https://registry.npmjs.org/@jridgewell%2fgen-mapping set size:75941 disposed:false
712 http fetch GET 200 https://registry.npmjs.org/lru-cache 165ms (cache miss)
713 silly packumentCache full:https://registry.npmjs.org/lru-cache set size:undefined disposed:false
714 http fetch GET 200 https://registry.npmjs.org/@babel%2fhelper-string-parser 82ms (cache miss)
715 silly packumentCache full:https://registry.npmjs.org/@babel%2fhelper-string-parser set size:undefined disposed:false
716 http fetch GET 200 https://registry.npmjs.org/@jridgewell%2ftrace-mapping 70ms (cache miss)
717 silly packumentCache full:https://registry.npmjs.org/@jridgewell%2ftrace-mapping set size:undefined disposed:false
718 http fetch GET 200 https://registry.npmjs.org/ms 289ms (cache miss)
719 silly packumentCache full:https://registry.npmjs.org/ms set size:undefined disposed:false
720 silly placeDep ROOT @babel/helper-validator-identifier@7.29.7 OK for: @babel/code-frame@7.29.7 want: ^7.29.7
721 silly placeDep ROOT js-tokens@4.0.0 OK for: @babel/code-frame@7.29.7 want: ^4.0.0
722 silly placeDep ROOT picocolors@1.1.1 OK for: @babel/code-frame@7.29.7 want: ^1.1.1
723 silly placeDep ROOT @jridgewell/gen-mapping@0.3.13 OK for: @babel/generator@7.29.7 want: ^0.3.12
724 silly placeDep ROOT @jridgewell/trace-mapping@0.3.31 OK for: @babel/generator@7.29.7 want: ^0.3.28
725 silly placeDep ROOT jsesc@3.1.0 OK for: @babel/generator@7.29.7 want: ^3.0.2
726 silly fetch manifest @jridgewell/sourcemap-codec@^1.5.0
727 silly packumentCache full:https://registry.npmjs.org/@jridgewell%2fsourcemap-codec cache-miss
728 silly fetch manifest @jridgewell/resolve-uri@^3.1.0
729 silly packumentCache full:https://registry.npmjs.org/@jridgewell%2fresolve-uri cache-miss
730 silly fetch manifest @jridgewell/sourcemap-codec@^1.4.14
731 silly packumentCache full:https://registry.npmjs.org/@jridgewell%2fsourcemap-codec cache-miss
732 http fetch GET 200 https://registry.npmjs.org/@jridgewell%2fresolve-uri 75ms (cache miss)
733 silly packumentCache full:https://registry.npmjs.org/@jridgewell%2fresolve-uri set size:undefined disposed:false
734 http fetch GET 200 https://registry.npmjs.org/@jridgewell%2fsourcemap-codec 309ms (cache miss)
735 silly packumentCache full:https://registry.npmjs.org/@jridgewell%2fsourcemap-codec set size:undefined disposed:false
736 http fetch GET 200 https://registry.npmjs.org/@jridgewell%2fsourcemap-codec 313ms (cache miss)
737 silly packumentCache full:https://registry.npmjs.org/@jridgewell%2fsourcemap-codec set size:undefined disposed:false
738 silly placeDep ROOT @babel/compat-data@7.29.7 OK for: @babel/helper-compilation-targets@7.29.7 want: ^7.29.7
739 silly placeDep ROOT @babel/helper-validator-option@7.29.7 OK for: @babel/helper-compilation-targets@7.29.7 want: ^7.29.7
740 silly placeDep ROOT browserslist@4.28.7 OK for: @babel/helper-compilation-targets@7.29.7 want: ^4.24.0
741 silly placeDep ROOT lru-cache@5.1.1 OK for: @babel/helper-compilation-targets@7.29.7 want: ^5.1.1
742 silly fetch manifest node-releases@^2.0.51
743 silly packumentCache full:https://registry.npmjs.org/node-releases cache-miss
744 silly fetch manifest electron-to-chromium@^1.5.393
745 silly packumentCache full:https://registry.npmjs.org/electron-to-chromium cache-miss
746 silly fetch manifest update-browserslist-db@^1.2.3
747 silly packumentCache full:https://registry.npmjs.org/update-browserslist-db cache-miss
748 silly fetch manifest baseline-browser-mapping@^2.10.44
749 silly packumentCache full:https://registry.npmjs.org/baseline-browser-mapping cache-miss
750 silly fetch manifest yallist@^3.0.2
751 silly packumentCache full:https://registry.npmjs.org/yallist cache-miss
752 http fetch GET 200 https://registry.npmjs.org/yallist 67ms (cache miss)
753 silly packumentCache full:https://registry.npmjs.org/yallist set size:undefined disposed:false
754 http fetch GET 200 https://registry.npmjs.org/update-browserslist-db 70ms (cache miss)
755 silly packumentCache full:https://registry.npmjs.org/update-browserslist-db set size:undefined disposed:false
756 http fetch GET 200 https://registry.npmjs.org/node-releases 78ms (cache miss)
757 silly packumentCache full:https://registry.npmjs.org/node-releases set size:undefined disposed:false
758 http fetch GET 200 https://registry.npmjs.org/baseline-browser-mapping 84ms (cache miss)
759 silly packumentCache full:https://registry.npmjs.org/baseline-browser-mapping set size:undefined disposed:false
760 http fetch GET 200 https://registry.npmjs.org/electron-to-chromium 172ms (cache miss)
761 silly packumentCache full:https://registry.npmjs.org/electron-to-chromium set size:undefined disposed:false
762 silly placeDep ROOT @babel/helper-module-imports@7.29.7 OK for: @babel/helper-module-transforms@7.29.7 want: ^7.29.7
763 silly placeDep ROOT @babel/helper-plugin-utils@7.29.7 OK for: @babel/plugin-transform-react-jsx-self@7.29.7 want: ^7.29.7
764 silly placeDep ROOT @babel/helper-globals@7.29.7 OK for: @babel/traverse@7.29.7 want: ^7.29.7
765 silly placeDep ROOT @babel/helper-string-parser@7.29.7 OK for: @babel/types@7.29.7 want: ^7.29.7
766 silly placeDep ROOT @jridgewell/sourcemap-codec@1.5.5 OK for: @jridgewell/gen-mapping@0.3.13 want: ^1.5.0
767 silly placeDep ROOT @jridgewell/resolve-uri@3.1.2 OK for: @jridgewell/trace-mapping@0.3.31 want: ^3.1.0
768 silly placeDep ROOT @types/babel__generator@7.27.0 OK for: @types/babel__core@7.20.5 want: *
769 silly placeDep ROOT @types/babel__template@7.4.4 OK for: @types/babel__core@7.20.5 want: *
770 silly placeDep ROOT @types/babel__traverse@7.28.0 OK for: @types/babel__core@7.20.5 want: *
771 silly placeDep ROOT caniuse-lite@1.0.30001806 OK for: autoprefixer@10.5.4 want: ^1.0.30001806
772 silly placeDep ROOT fraction.js@5.3.4 OK for: autoprefixer@10.5.4 want: ^5.3.4
773 silly placeDep ROOT postcss-value-parser@4.2.0 OK for: autoprefixer@10.5.4 want: ^4.2.0
774 silly placeDep ROOT follow-redirects@1.16.0 OK for: axios@1.18.1 want: ^1.16.0
775 silly placeDep ROOT form-data@4.0.6 OK for: axios@1.18.1 want: ^4.0.5
776 silly placeDep ROOT https-proxy-agent@5.0.1 OK for: axios@1.18.1 want: ^5.0.1
777 silly placeDep ROOT proxy-from-env@2.1.0 OK for: axios@1.18.1 want: ^2.1.0
778 silly fetch manifest hasown@^2.0.4
779 silly packumentCache full:https://registry.npmjs.org/hasown cache-miss
780 silly fetch manifest asynckit@^0.4.0
781 silly packumentCache full:https://registry.npmjs.org/asynckit cache-miss
782 silly fetch manifest mime-types@^2.1.35
783 silly packumentCache full:https://registry.npmjs.org/mime-types cache-miss
784 silly fetch manifest combined-stream@^1.0.8
785 silly packumentCache full:https://registry.npmjs.org/combined-stream cache-miss
786 silly fetch manifest es-set-tostringtag@^2.1.0
787 silly packumentCache full:https://registry.npmjs.org/es-set-tostringtag cache-miss
788 silly fetch manifest agent-base@6
789 silly packumentCache full:https://registry.npmjs.org/agent-base cache-miss
790 http fetch GET 200 https://registry.npmjs.org/es-set-tostringtag 59ms (cache miss)
791 silly packumentCache full:https://registry.npmjs.org/es-set-tostringtag set size:undefined disposed:false
792 http fetch GET 200 https://registry.npmjs.org/hasown 64ms (cache miss)
793 silly packumentCache full:https://registry.npmjs.org/hasown set size:undefined disposed:false
794 http fetch GET 200 https://registry.npmjs.org/combined-stream 63ms (cache miss)
795 silly packumentCache full:https://registry.npmjs.org/combined-stream set size:undefined disposed:false
796 http fetch GET 200 https://registry.npmjs.org/asynckit 67ms (cache miss)
797 silly packumentCache full:https://registry.npmjs.org/asynckit set size:undefined disposed:false
798 http fetch GET 200 https://registry.npmjs.org/mime-types 71ms (cache miss)
799 silly packumentCache full:https://registry.npmjs.org/mime-types set size:undefined disposed:false
800 http fetch GET 200 https://registry.npmjs.org/agent-base 74ms (cache miss)
801 silly packumentCache full:https://registry.npmjs.org/agent-base set size:undefined disposed:false
802 silly fetch manifest browserslist@>= 4.21.0
803 silly packumentCache full:https://registry.npmjs.org/browserslist cache-hit
804 silly placeDep ROOT baseline-browser-mapping@2.11.4 OK for: browserslist@4.28.7 want: ^2.10.44
805 silly placeDep ROOT electron-to-chromium@1.5.396 OK for: browserslist@4.28.7 want: ^1.5.393
806 silly placeDep ROOT node-releases@2.0.51 OK for: browserslist@4.28.7 want: ^2.0.51
807 silly placeDep ROOT update-browserslist-db@1.2.3 OK for: browserslist@4.28.7 want: ^1.2.3
808 silly fetch manifest escalade@^3.2.0
809 silly packumentCache full:https://registry.npmjs.org/escalade cache-miss
810 http fetch GET 200 https://registry.npmjs.org/escalade 37ms (cache miss)
811 silly packumentCache full:https://registry.npmjs.org/escalade set size:undefined disposed:false
812 silly placeDep ROOT ms@2.1.3 OK for: debug@4.4.3 want: ^2.1.3
813 silly fetch manifest eslint@^6.0.0 || ^7.0.0 || >=8.0.0
814 silly packumentCache full:https://registry.npmjs.org/eslint cache-miss
815 http cache https://registry.npmjs.org/eslint 15ms (cache hit)
816 silly packumentCache full:https://registry.npmjs.org/eslint set size:2040662 disposed:false
817 silly placeDep ROOT @eslint-community/eslint-utils@4.10.1 OK for: eslint@9.39.5 want: ^4.8.0
818 silly placeDep ROOT @eslint-community/regexpp@4.12.2 OK for: eslint@9.39.5 want: ^4.12.1
819 silly placeDep ROOT @eslint/config-array@0.21.2 OK for: eslint@9.39.5 want: ^0.21.2
820 silly placeDep ROOT @eslint/config-helpers@0.4.2 OK for: eslint@9.39.5 want: ^0.4.2
821 silly placeDep ROOT @eslint/core@0.17.0 OK for: eslint@9.39.5 want: ^0.17.0
822 silly placeDep ROOT @eslint/eslintrc@3.3.6 OK for: eslint@9.39.5 want: ^3.3.6
823 silly placeDep ROOT @eslint/plugin-kit@0.4.1 OK for: eslint@9.39.5 want: ^0.4.1
824 silly placeDep ROOT @humanfs/node@0.16.8 OK for: eslint@9.39.5 want: ^0.16.6
825 silly placeDep ROOT @humanwhocodes/module-importer@1.0.1 OK for: eslint@9.39.5 want: ^1.0.1
826 silly placeDep ROOT @humanwhocodes/retry@0.4.3 OK for: eslint@9.39.5 want: ^0.4.2
827 silly placeDep ROOT @types/estree@1.0.9 OK for: eslint@9.39.5 want: ^1.0.6
828 silly placeDep ROOT ajv@6.15.0 OK for: eslint@9.39.5 want: ^6.14.0
829 silly placeDep ROOT chalk@4.1.2 OK for: eslint@9.39.5 want: ^4.0.0
830 silly placeDep ROOT cross-spawn@7.0.6 OK for: eslint@9.39.5 want: ^7.0.6
831 silly placeDep ROOT escape-string-regexp@4.0.0 OK for: eslint@9.39.5 want: ^4.0.0
832 silly placeDep ROOT eslint-scope@8.4.0 OK for: eslint@9.39.5 want: ^8.4.0
833 silly placeDep ROOT eslint-visitor-keys@4.2.1 OK for: eslint@9.39.5 want: ^4.2.1
834 silly placeDep ROOT espree@10.4.0 OK for: eslint@9.39.5 want: ^10.4.0
835 silly placeDep ROOT esquery@1.7.0 OK for: eslint@9.39.5 want: ^1.5.0
836 silly placeDep ROOT esutils@2.0.3 OK for: eslint@9.39.5 want: ^2.0.2
837 silly placeDep ROOT fast-deep-equal@3.1.3 OK for: eslint@9.39.5 want: ^3.1.3
838 silly placeDep ROOT file-entry-cache@8.0.0 OK for: eslint@9.39.5 want: ^8.0.0
839 silly placeDep ROOT find-up@5.0.0 OK for: eslint@9.39.5 want: ^5.0.0
840 silly placeDep ROOT glob-parent@6.0.2 OK for: eslint@9.39.5 want: ^6.0.2
841 silly placeDep ROOT ignore@5.3.2 OK for: eslint@9.39.5 want: ^5.2.0
842 silly placeDep ROOT imurmurhash@0.1.4 OK for: eslint@9.39.5 want: ^0.1.4
843 silly placeDep ROOT is-glob@4.0.3 OK for: eslint@9.39.5 want: ^4.0.0
844 silly placeDep ROOT json-stable-stringify-without-jsonify@1.0.1 OK for: eslint@9.39.5 want: ^1.0.1
845 silly placeDep ROOT lodash.merge@4.6.2 OK for: eslint@9.39.5 want: ^4.6.2
846 silly placeDep ROOT minimatch@3.1.5 OK for: eslint@9.39.5 want: ^3.1.5
847 silly placeDep ROOT natural-compare@1.4.0 OK for: eslint@9.39.5 want: ^1.4.0
848 silly placeDep ROOT optionator@0.9.4 OK for: eslint@9.39.5 want: ^0.9.3
849 silly fetch manifest eslint-visitor-keys@^3.4.3
850 silly packumentCache full:https://registry.npmjs.org/eslint-visitor-keys cache-miss
851 silly fetch manifest @eslint/object-schema@^2.1.7
852 silly packumentCache full:https://registry.npmjs.org/@eslint%2fobject-schema cache-miss
853 silly fetch manifest @types/json-schema@^7.0.15
854 silly packumentCache full:https://registry.npmjs.org/@types%2fjson-schema cache-miss
855 silly fetch manifest espree@^10.0.1
856 silly packumentCache full:https://registry.npmjs.org/espree cache-miss
857 silly fetch manifest globals@^14.0.0
858 silly packumentCache full:https://registry.npmjs.org/globals cache-miss
859 silly fetch manifest import-fresh@^3.2.1
860 silly packumentCache full:https://registry.npmjs.org/import-fresh cache-miss
861 silly fetch manifest js-yaml@^4.3.0
862 silly packumentCache full:https://registry.npmjs.org/js-yaml cache-miss
863 silly fetch manifest strip-json-comments@^3.1.1
864 silly packumentCache full:https://registry.npmjs.org/strip-json-comments cache-miss
865 silly fetch manifest levn@^0.4.1
866 silly packumentCache full:https://registry.npmjs.org/levn cache-miss
867 silly fetch manifest @humanwhocodes/retry@^0.4.0
868 silly packumentCache full:https://registry.npmjs.org/@humanwhocodes%2fretry cache-miss
869 silly fetch manifest @humanfs/core@^0.19.2
870 silly packumentCache full:https://registry.npmjs.org/@humanfs%2fcore cache-miss
871 http cache https://registry.npmjs.org/globals 23ms (cache hit)
872 silly packumentCache full:https://registry.npmjs.org/globals set size:323528 disposed:false
873 silly fetch manifest @humanfs/types@^0.15.0
874 silly packumentCache full:https://registry.npmjs.org/@humanfs%2ftypes cache-miss
875 http cache https://registry.npmjs.org/espree 30ms (cache hit)
876 silly packumentCache full:https://registry.npmjs.org/espree set size:326080 disposed:false
877 silly fetch manifest uri-js@^4.2.2
878 silly packumentCache full:https://registry.npmjs.org/uri-js cache-miss
879 http cache https://registry.npmjs.org/@humanwhocodes%2fretry 46ms (cache hit)
880 silly packumentCache full:https://registry.npmjs.org/@humanwhocodes%2fretry set size:42348 disposed:false
881 silly fetch manifest fast-deep-equal@^3.1.1
882 silly packumentCache full:https://registry.npmjs.org/fast-deep-equal cache-miss
883 http cache https://registry.npmjs.org/eslint-visitor-keys 54ms (cache hit)
884 silly packumentCache full:https://registry.npmjs.org/eslint-visitor-keys set size:69949 disposed:false
885 silly fetch manifest json-schema-traverse@^0.4.1
886 silly packumentCache full:https://registry.npmjs.org/json-schema-traverse cache-miss
887 http fetch GET 200 https://registry.npmjs.org/@types%2fjson-schema 76ms (cache miss)
888 silly packumentCache full:https://registry.npmjs.org/@types%2fjson-schema set size:undefined disposed:false
889 silly fetch manifest fast-json-stable-stringify@^2.0.0
890 silly packumentCache full:https://registry.npmjs.org/fast-json-stable-stringify cache-miss
891 http fetch GET 200 https://registry.npmjs.org/import-fresh 76ms (cache miss)
892 silly packumentCache full:https://registry.npmjs.org/import-fresh set size:undefined disposed:false
893 silly fetch manifest ansi-styles@^4.1.0
894 silly packumentCache full:https://registry.npmjs.org/ansi-styles cache-miss
895 http fetch GET 200 https://registry.npmjs.org/levn 80ms (cache miss)
896 silly packumentCache full:https://registry.npmjs.org/levn set size:undefined disposed:false
897 silly fetch manifest supports-color@^7.1.0
898 silly packumentCache full:https://registry.npmjs.org/supports-color cache-miss
899 http fetch GET 200 https://registry.npmjs.org/strip-json-comments 87ms (cache miss)
900 silly packumentCache full:https://registry.npmjs.org/strip-json-comments set size:undefined disposed:false
901 silly fetch manifest which@^2.0.1
902 silly packumentCache full:https://registry.npmjs.org/which cache-miss
903 http fetch GET 200 https://registry.npmjs.org/@humanfs%2fcore 94ms (cache miss)
904 silly packumentCache full:https://registry.npmjs.org/@humanfs%2fcore set size:undefined disposed:false
905 silly fetch manifest path-key@^3.1.0
906 silly packumentCache full:https://registry.npmjs.org/path-key cache-miss
907 http cache https://registry.npmjs.org/fast-deep-equal 49ms (cache hit)
908 silly packumentCache full:https://registry.npmjs.org/fast-deep-equal set size:48634 disposed:false
909 silly fetch manifest shebang-command@^2.0.0
910 silly packumentCache full:https://registry.npmjs.org/shebang-command cache-miss
911 http fetch GET 200 https://registry.npmjs.org/@eslint%2fobject-schema 107ms (cache miss)
912 silly packumentCache full:https://registry.npmjs.org/@eslint%2fobject-schema set size:undefined disposed:false
913 silly fetch manifest esrecurse@^4.3.0
914 silly packumentCache full:https://registry.npmjs.org/esrecurse cache-miss
915 http fetch GET 200 https://registry.npmjs.org/js-yaml 115ms (cache miss)
916 silly packumentCache full:https://registry.npmjs.org/js-yaml set size:undefined disposed:false
917 silly fetch manifest estraverse@^5.2.0
918 silly packumentCache full:https://registry.npmjs.org/estraverse cache-miss
919 http fetch GET 200 https://registry.npmjs.org/@humanfs%2ftypes 108ms (cache miss)
920 silly packumentCache full:https://registry.npmjs.org/@humanfs%2ftypes set size:undefined disposed:false
921 silly fetch manifest acorn@^8.15.0
922 silly packumentCache full:https://registry.npmjs.org/acorn cache-miss
923 http fetch GET 200 https://registry.npmjs.org/uri-js 111ms (cache miss)
924 silly packumentCache full:https://registry.npmjs.org/uri-js set size:undefined disposed:false
925 silly fetch manifest acorn-jsx@^5.3.2
926 silly packumentCache full:https://registry.npmjs.org/acorn-jsx cache-miss
927 http fetch GET 200 https://registry.npmjs.org/json-schema-traverse 94ms (cache miss)
928 silly packumentCache full:https://registry.npmjs.org/json-schema-traverse set size:undefined disposed:false
929 silly fetch manifest estraverse@^5.1.0
930 silly packumentCache full:https://registry.npmjs.org/estraverse cache-miss
931 http fetch GET 200 https://registry.npmjs.org/fast-json-stable-stringify 80ms (cache miss)
932 silly packumentCache full:https://registry.npmjs.org/fast-json-stable-stringify set size:undefined disposed:false
933 silly fetch manifest flat-cache@^4.0.0
934 silly packumentCache full:https://registry.npmjs.org/flat-cache cache-miss
935 http fetch GET 200 https://registry.npmjs.org/ansi-styles 82ms (cache miss)
936 silly packumentCache full:https://registry.npmjs.org/ansi-styles set size:undefined disposed:false
937 silly fetch manifest locate-path@^6.0.0
938 silly packumentCache full:https://registry.npmjs.org/locate-path cache-miss
939 http fetch GET 200 https://registry.npmjs.org/esrecurse 59ms (cache miss)
940 silly packumentCache full:https://registry.npmjs.org/esrecurse set size:undefined disposed:false
941 silly fetch manifest path-exists@^4.0.0
942 silly packumentCache full:https://registry.npmjs.org/path-exists cache-miss
943 http fetch GET 200 https://registry.npmjs.org/which 76ms (cache miss)
944 silly packumentCache full:https://registry.npmjs.org/which set size:undefined disposed:false
945 silly fetch manifest is-extglob@^2.1.1
946 silly packumentCache full:https://registry.npmjs.org/is-extglob cache-miss
947 http fetch GET 200 https://registry.npmjs.org/path-key 79ms (cache miss)
948 silly packumentCache full:https://registry.npmjs.org/path-key set size:undefined disposed:false
949 silly fetch manifest brace-expansion@^1.1.7
950 silly packumentCache full:https://registry.npmjs.org/brace-expansion cache-miss
951 http fetch GET 200 https://registry.npmjs.org/shebang-command 81ms (cache miss)
952 silly packumentCache full:https://registry.npmjs.org/shebang-command set size:undefined disposed:false
953 silly fetch manifest prelude-ls@^1.2.1
954 silly packumentCache full:https://registry.npmjs.org/prelude-ls cache-miss
955 http fetch GET 200 https://registry.npmjs.org/supports-color 101ms (cache miss)
956 silly packumentCache full:https://registry.npmjs.org/supports-color set size:undefined disposed:false
957 silly fetch manifest deep-is@^0.1.3
958 silly packumentCache full:https://registry.npmjs.org/deep-is cache-miss
959 http fetch GET 200 https://registry.npmjs.org/estraverse 85ms (cache miss)
960 silly packumentCache full:https://registry.npmjs.org/estraverse set size:undefined disposed:false
961 silly fetch manifest word-wrap@^1.2.5
962 silly packumentCache full:https://registry.npmjs.org/word-wrap cache-miss
963 http fetch GET 200 https://registry.npmjs.org/estraverse 67ms (cache miss)
964 silly packumentCache full:https://registry.npmjs.org/estraverse set size:undefined disposed:false
965 silly fetch manifest type-check@^0.4.0
966 silly packumentCache full:https://registry.npmjs.org/type-check cache-miss
967 http fetch GET 200 https://registry.npmjs.org/acorn-jsx 81ms (cache miss)
968 silly packumentCache full:https://registry.npmjs.org/acorn-jsx set size:undefined disposed:false
969 silly fetch manifest fast-levenshtein@^2.0.6
970 silly packumentCache full:https://registry.npmjs.org/fast-levenshtein cache-miss
971 http fetch GET 200 https://registry.npmjs.org/locate-path 67ms (cache miss)
972 silly packumentCache full:https://registry.npmjs.org/locate-path set size:undefined disposed:false
973 http fetch GET 200 https://registry.npmjs.org/path-exists 65ms (cache miss)
974 silly packumentCache full:https://registry.npmjs.org/path-exists set size:undefined disposed:false
975 http fetch GET 200 https://registry.npmjs.org/is-extglob 63ms (cache miss)
976 silly packumentCache full:https://registry.npmjs.org/is-extglob set size:undefined disposed:false
977 http fetch GET 200 https://registry.npmjs.org/prelude-ls 56ms (cache miss)
978 silly packumentCache full:https://registry.npmjs.org/prelude-ls set size:undefined disposed:false
979 http fetch GET 200 https://registry.npmjs.org/deep-is 54ms (cache miss)
980 silly packumentCache full:https://registry.npmjs.org/deep-is set size:undefined disposed:false
981 http fetch GET 200 https://registry.npmjs.org/flat-cache 89ms (cache miss)
982 silly packumentCache full:https://registry.npmjs.org/flat-cache set size:undefined disposed:false
983 http fetch GET 200 https://registry.npmjs.org/acorn 115ms (cache miss)
984 silly packumentCache full:https://registry.npmjs.org/acorn set size:undefined disposed:false
985 http fetch GET 200 https://registry.npmjs.org/brace-expansion 81ms (cache miss)
986 silly packumentCache full:https://registry.npmjs.org/brace-expansion set size:undefined disposed:false
987 http fetch GET 200 https://registry.npmjs.org/word-wrap 59ms (cache miss)
988 silly packumentCache full:https://registry.npmjs.org/word-wrap set size:undefined disposed:false
989 http fetch GET 200 https://registry.npmjs.org/type-check 48ms (cache miss)
990 silly packumentCache full:https://registry.npmjs.org/type-check set size:undefined disposed:false
991 http fetch GET 200 https://registry.npmjs.org/fast-levenshtein 45ms (cache miss)
992 silly packumentCache full:https://registry.npmjs.org/fast-levenshtein set size:undefined disposed:false
993 silly placeDep node_modules/@eslint-community/eslint-utils eslint-visitor-keys@3.4.3 OK for: @eslint-community/eslint-utils@4.10.1 want: ^3.4.3
994 silly placeDep ROOT @eslint/object-schema@2.1.7 OK for: @eslint/config-array@0.21.2 want: ^2.1.7
995 silly placeDep ROOT @types/json-schema@7.0.15 OK for: @eslint/core@0.17.0 want: ^7.0.15
996 silly placeDep node_modules/@eslint/eslintrc globals@14.0.0 OK for: @eslint/eslintrc@3.3.6 want: ^14.0.0
997 silly placeDep ROOT import-fresh@3.3.1 OK for: @eslint/eslintrc@3.3.6 want: ^3.2.1
998 silly placeDep ROOT js-yaml@4.3.0 OK for: @eslint/eslintrc@3.3.6 want: ^4.3.0
999 silly placeDep ROOT strip-json-comments@3.1.1 OK for: @eslint/eslintrc@3.3.6 want: ^3.1.1
1000 silly fetch manifest resolve-from@^4.0.0
1001 silly packumentCache full:https://registry.npmjs.org/resolve-from cache-miss
1002 silly fetch manifest parent-module@^1.0.0
1003 silly packumentCache full:https://registry.npmjs.org/parent-module cache-miss
1004 silly fetch manifest argparse@^2.0.1
1005 silly packumentCache full:https://registry.npmjs.org/argparse cache-miss
1006 http fetch GET 200 https://registry.npmjs.org/resolve-from 38ms (cache miss)
1007 silly packumentCache full:https://registry.npmjs.org/resolve-from set size:undefined disposed:false
1008 http fetch GET 200 https://registry.npmjs.org/argparse 37ms (cache miss)
1009 silly packumentCache full:https://registry.npmjs.org/argparse set size:undefined disposed:false
1010 http fetch GET 200 https://registry.npmjs.org/parent-module 112ms (cache miss)
1011 silly packumentCache full:https://registry.npmjs.org/parent-module set size:undefined disposed:false
1012 silly placeDep ROOT levn@0.4.1 OK for: @eslint/plugin-kit@0.4.1 want: ^0.4.1
1013 silly fetch manifest type-check@~0.4.0
1014 silly packumentCache full:https://registry.npmjs.org/type-check cache-miss
1015 http cache https://registry.npmjs.org/type-check 8ms (cache hit)
1016 silly packumentCache full:https://registry.npmjs.org/type-check set size:21221 disposed:false
1017 silly placeDep ROOT @humanfs/core@0.19.2 OK for: @humanfs/node@0.16.8 want: ^0.19.2
1018 silly placeDep ROOT @humanfs/types@0.15.0 OK for: @humanfs/node@0.16.8 want: ^0.15.0
1019 silly placeDep ROOT fast-json-stable-stringify@2.1.0 OK for: ajv@6.15.0 want: ^2.0.0
1020 silly placeDep ROOT json-schema-traverse@0.4.1 OK for: ajv@6.15.0 want: ^0.4.1
1021 silly placeDep ROOT uri-js@4.4.1 OK for: ajv@6.15.0 want: ^4.2.2
1022 silly fetch manifest punycode@^2.1.0
1023 silly packumentCache full:https://registry.npmjs.org/punycode cache-miss
1024 http fetch GET 200 https://registry.npmjs.org/punycode 44ms (cache miss)
1025 silly packumentCache full:https://registry.npmjs.org/punycode set size:undefined disposed:false
1026 silly placeDep ROOT ansi-styles@4.3.0 OK for: chalk@4.1.2 want: ^4.1.0
1027 silly placeDep ROOT supports-color@7.2.0 OK for: chalk@4.1.2 want: ^7.1.0
1028 silly fetch manifest color-convert@^2.0.1
1029 silly packumentCache full:https://registry.npmjs.org/color-convert cache-miss
1030 silly fetch manifest has-flag@^4.0.0
1031 silly packumentCache full:https://registry.npmjs.org/has-flag cache-miss
1032 http fetch GET 200 https://registry.npmjs.org/has-flag 32ms (cache miss)
1033 silly packumentCache full:https://registry.npmjs.org/has-flag set size:undefined disposed:false
1034 http fetch GET 200 https://registry.npmjs.org/color-convert 41ms (cache miss)
1035 silly packumentCache full:https://registry.npmjs.org/color-convert set size:undefined disposed:false
1036 silly placeDep ROOT color-convert@2.0.1 OK for: ansi-styles@4.3.0 want: ^2.0.1
1037 silly fetch manifest color-name@~1.1.4
1038 silly packumentCache full:https://registry.npmjs.org/color-name cache-miss
1039 http fetch GET 200 https://registry.npmjs.org/color-name 294ms (cache miss)
1040 silly packumentCache full:https://registry.npmjs.org/color-name set size:undefined disposed:false
1041 silly placeDep ROOT color-name@1.1.4 OK for: color-convert@2.0.1 want: ~1.1.4
1042 silly placeDep ROOT path-key@3.1.1 OK for: cross-spawn@7.0.6 want: ^3.1.0
1043 silly placeDep ROOT shebang-command@2.0.0 OK for: cross-spawn@7.0.6 want: ^2.0.0
1044 silly placeDep ROOT which@2.0.2 OK for: cross-spawn@7.0.6 want: ^2.0.1
1045 silly fetch manifest shebang-regex@^3.0.0
1046 silly packumentCache full:https://registry.npmjs.org/shebang-regex cache-miss
1047 silly fetch manifest isexe@^2.0.0
1048 silly packumentCache full:https://registry.npmjs.org/isexe cache-miss
1049 http fetch GET 200 https://registry.npmjs.org/isexe 35ms (cache miss)
1050 silly packumentCache full:https://registry.npmjs.org/isexe set size:undefined disposed:false
1051 http fetch GET 200 https://registry.npmjs.org/shebang-regex 38ms (cache miss)
1052 silly packumentCache full:https://registry.npmjs.org/shebang-regex set size:undefined disposed:false
1053 silly placeDep ROOT esrecurse@4.3.0 OK for: eslint-scope@8.4.0 want: ^4.3.0
1054 silly placeDep ROOT estraverse@5.3.0 OK for: eslint-scope@8.4.0 want: ^5.2.0
1055 silly placeDep ROOT acorn@8.17.0 OK for: espree@10.4.0 want: ^8.15.0
1056 silly placeDep ROOT acorn-jsx@5.3.2 OK for: espree@10.4.0 want: ^5.3.2
1057 silly placeDep ROOT flat-cache@4.0.1 OK for: file-entry-cache@8.0.0 want: ^4.0.0
1058 silly fetch manifest keyv@^4.5.4
1059 silly packumentCache full:https://registry.npmjs.org/keyv cache-miss
1060 silly fetch manifest flatted@^3.2.9
1061 silly packumentCache full:https://registry.npmjs.org/flatted cache-miss
1062 http fetch GET 200 https://registry.npmjs.org/keyv 44ms (cache miss)
1063 silly packumentCache full:https://registry.npmjs.org/keyv set size:undefined disposed:false
1064 http fetch GET 200 https://registry.npmjs.org/flatted 48ms (cache miss)
1065 silly packumentCache full:https://registry.npmjs.org/flatted set size:undefined disposed:false
1066 silly placeDep ROOT locate-path@6.0.0 OK for: find-up@5.0.0 want: ^6.0.0
1067 silly placeDep ROOT path-exists@4.0.0 OK for: find-up@5.0.0 want: ^4.0.0
1068 silly fetch manifest p-locate@^5.0.0
1069 silly packumentCache full:https://registry.npmjs.org/p-locate cache-miss
1070 http fetch GET 200 https://registry.npmjs.org/p-locate 34ms (cache miss)
1071 silly packumentCache full:https://registry.npmjs.org/p-locate set size:undefined disposed:false
1072 silly placeDep ROOT flatted@3.4.3 OK for: flat-cache@4.0.1 want: ^3.2.9
1073 silly placeDep ROOT keyv@4.5.4 OK for: flat-cache@4.0.1 want: ^4.5.4
1074 silly fetch manifest json-buffer@3.0.1
1075 silly packumentCache full:https://registry.npmjs.org/json-buffer cache-miss
1076 http fetch GET 200 https://registry.npmjs.org/json-buffer 47ms (cache miss)
1077 silly packumentCache full:https://registry.npmjs.org/json-buffer set size:undefined disposed:false
1078 silly placeDep ROOT asynckit@0.4.0 OK for: form-data@4.0.6 want: ^0.4.0
1079 silly placeDep ROOT combined-stream@1.0.8 OK for: form-data@4.0.6 want: ^1.0.8
1080 silly placeDep ROOT es-set-tostringtag@2.1.0 OK for: form-data@4.0.6 want: ^2.1.0
1081 silly placeDep ROOT hasown@2.0.4 OK for: form-data@4.0.6 want: ^2.0.4
1082 silly placeDep ROOT mime-types@2.1.35 OK for: form-data@4.0.6 want: ^2.1.35
1083 silly fetch manifest delayed-stream@~1.0.0
1084 silly packumentCache full:https://registry.npmjs.org/delayed-stream cache-miss
1085 silly fetch manifest es-errors@^1.3.0
1086 silly packumentCache full:https://registry.npmjs.org/es-errors cache-miss
1087 silly fetch manifest get-intrinsic@^1.2.6
1088 silly packumentCache full:https://registry.npmjs.org/get-intrinsic cache-miss
1089 silly fetch manifest has-tostringtag@^1.0.2
1090 silly packumentCache full:https://registry.npmjs.org/has-tostringtag cache-miss
1091 silly fetch manifest hasown@^2.0.2
1092 silly packumentCache full:https://registry.npmjs.org/hasown cache-miss
1093 silly fetch manifest function-bind@^1.1.2
1094 silly packumentCache full:https://registry.npmjs.org/function-bind cache-miss
1095 silly fetch manifest mime-db@1.52.0
1096 silly packumentCache full:https://registry.npmjs.org/mime-db cache-miss
1097 http cache https://registry.npmjs.org/hasown 16ms (cache hit)
1098 silly packumentCache full:https://registry.npmjs.org/hasown set size:18361 disposed:false
1099 http fetch GET 200 https://registry.npmjs.org/delayed-stream 55ms (cache miss)
1100 silly packumentCache full:https://registry.npmjs.org/delayed-stream set size:undefined disposed:false
1101 http fetch GET 200 https://registry.npmjs.org/get-intrinsic 56ms (cache miss)
1102 silly packumentCache full:https://registry.npmjs.org/get-intrinsic set size:undefined disposed:false
1103 http fetch GET 200 https://registry.npmjs.org/has-tostringtag 58ms (cache miss)
1104 silly packumentCache full:https://registry.npmjs.org/has-tostringtag set size:undefined disposed:false
1105 http fetch GET 200 https://registry.npmjs.org/es-errors 61ms (cache miss)
1106 silly packumentCache full:https://registry.npmjs.org/es-errors set size:undefined disposed:false
1107 http fetch GET 200 https://registry.npmjs.org/function-bind 62ms (cache miss)
1108 silly packumentCache full:https://registry.npmjs.org/function-bind set size:undefined disposed:false
1109 http fetch GET 200 https://registry.npmjs.org/mime-db 63ms (cache miss)
1110 silly packumentCache full:https://registry.npmjs.org/mime-db set size:undefined disposed:false
1111 silly placeDep ROOT delayed-stream@1.0.0 OK for: combined-stream@1.0.8 want: ~1.0.0
1112 silly placeDep ROOT es-errors@1.3.0 OK for: es-set-tostringtag@2.1.0 want: ^1.3.0
1113 silly placeDep ROOT get-intrinsic@1.3.0 OK for: es-set-tostringtag@2.1.0 want: ^1.2.6
1114 silly placeDep ROOT has-tostringtag@1.0.2 OK for: es-set-tostringtag@2.1.0 want: ^1.0.2
1115 silly fetch manifest gopd@^1.2.0
1116 silly packumentCache full:https://registry.npmjs.org/gopd cache-miss
1117 silly fetch manifest get-proto@^1.0.1
1118 silly packumentCache full:https://registry.npmjs.org/get-proto cache-miss
1119 silly fetch manifest has-symbols@^1.1.0
1120 silly packumentCache full:https://registry.npmjs.org/has-symbols cache-miss
1121 silly fetch manifest es-object-atoms@^1.1.1
1122 silly packumentCache full:https://registry.npmjs.org/es-object-atoms cache-miss
1123 silly fetch manifest math-intrinsics@^1.1.0
1124 silly packumentCache full:https://registry.npmjs.org/math-intrinsics cache-miss
1125 silly fetch manifest es-define-property@^1.0.1
1126 silly packumentCache full:https://registry.npmjs.org/es-define-property cache-miss
1127 silly fetch manifest call-bind-apply-helpers@^1.0.2
1128 silly packumentCache full:https://registry.npmjs.org/call-bind-apply-helpers cache-miss
1129 silly fetch manifest has-symbols@^1.0.3
1130 silly packumentCache full:https://registry.npmjs.org/has-symbols cache-miss
1131 http fetch GET 200 https://registry.npmjs.org/math-intrinsics 73ms (cache miss)
1132 silly packumentCache full:https://registry.npmjs.org/math-intrinsics set size:undefined disposed:false
1133 http fetch GET 200 https://registry.npmjs.org/es-define-property 73ms (cache miss)
1134 silly packumentCache full:https://registry.npmjs.org/es-define-property set size:undefined disposed:false
1135 http fetch GET 200 https://registry.npmjs.org/es-object-atoms 75ms (cache miss)
1136 silly packumentCache full:https://registry.npmjs.org/es-object-atoms set size:undefined disposed:false
1137 http fetch GET 200 https://registry.npmjs.org/gopd 78ms (cache miss)
1138 silly packumentCache full:https://registry.npmjs.org/gopd set size:undefined disposed:false
1139 http fetch GET 200 https://registry.npmjs.org/get-proto 80ms (cache miss)
1140 silly packumentCache full:https://registry.npmjs.org/get-proto set size:undefined disposed:false
1141 http fetch GET 200 https://registry.npmjs.org/call-bind-apply-helpers 80ms (cache miss)
1142 silly packumentCache full:https://registry.npmjs.org/call-bind-apply-helpers set size:undefined disposed:false
1143 http fetch GET 200 https://registry.npmjs.org/has-symbols 83ms (cache miss)
1144 silly packumentCache full:https://registry.npmjs.org/has-symbols set size:undefined disposed:false
1145 http fetch GET 200 https://registry.npmjs.org/has-symbols 83ms (cache miss)
1146 silly packumentCache full:https://registry.npmjs.org/has-symbols set size:undefined disposed:false
1147 silly placeDep ROOT call-bind-apply-helpers@1.0.2 OK for: get-intrinsic@1.3.0 want: ^1.0.2
1148 silly placeDep ROOT es-define-property@1.0.1 OK for: get-intrinsic@1.3.0 want: ^1.0.1
1149 silly placeDep ROOT es-object-atoms@1.1.2 OK for: get-intrinsic@1.3.0 want: ^1.1.1
1150 silly placeDep ROOT function-bind@1.1.2 OK for: get-intrinsic@1.3.0 want: ^1.1.2
1151 silly placeDep ROOT get-proto@1.0.1 OK for: get-intrinsic@1.3.0 want: ^1.0.1
1152 silly placeDep ROOT gopd@1.2.0 OK for: get-intrinsic@1.3.0 want: ^1.2.0
1153 silly placeDep ROOT has-symbols@1.1.0 OK for: get-intrinsic@1.3.0 want: ^1.1.0
1154 silly placeDep ROOT math-intrinsics@1.1.0 OK for: get-intrinsic@1.3.0 want: ^1.1.0
1155 silly fetch manifest dunder-proto@^1.0.1
1156 silly packumentCache full:https://registry.npmjs.org/dunder-proto cache-miss
1157 http fetch GET 200 https://registry.npmjs.org/dunder-proto 35ms (cache miss)
1158 silly packumentCache full:https://registry.npmjs.org/dunder-proto set size:undefined disposed:false
1159 silly placeDep ROOT dunder-proto@1.0.1 OK for: get-proto@1.0.1 want: ^1.0.1
1160 silly placeDep ROOT agent-base@6.0.2 OK for: https-proxy-agent@5.0.1 want: 6
1161 silly placeDep ROOT parent-module@1.0.1 OK for: import-fresh@3.3.1 want: ^1.0.0
1162 silly placeDep ROOT resolve-from@4.0.0 OK for: import-fresh@3.3.1 want: ^4.0.0
1163 silly fetch manifest callsites@^3.0.0
1164 silly packumentCache full:https://registry.npmjs.org/callsites cache-miss
1165 http fetch GET 200 https://registry.npmjs.org/callsites 34ms (cache miss)
1166 silly packumentCache full:https://registry.npmjs.org/callsites set size:undefined disposed:false
1167 silly placeDep ROOT is-extglob@2.1.1 OK for: is-glob@4.0.3 want: ^2.1.1
1168 silly placeDep ROOT argparse@2.0.1 OK for: js-yaml@4.3.0 want: ^2.0.1
1169 silly placeDep ROOT json-buffer@3.0.1 OK for: keyv@4.5.4 want: 3.0.1
1170 silly placeDep ROOT prelude-ls@1.2.1 OK for: levn@0.4.1 want: ^1.2.1
1171 silly placeDep ROOT type-check@0.4.0 OK for: levn@0.4.1 want: ~0.4.0
1172 silly placeDep ROOT p-locate@5.0.0 OK for: locate-path@6.0.0 want: ^5.0.0
1173 silly fetch manifest p-limit@^3.0.2
1174 silly packumentCache full:https://registry.npmjs.org/p-limit cache-miss
1175 http fetch GET 200 https://registry.npmjs.org/p-limit 44ms (cache miss)
1176 silly packumentCache full:https://registry.npmjs.org/p-limit set size:undefined disposed:false
1177 silly placeDep ROOT yallist@3.1.1 OK for: lru-cache@5.1.1 want: ^3.0.2
1178 silly placeDep ROOT mime-db@1.52.0 OK for: mime-types@2.1.35 want: 1.52.0
1179 silly placeDep ROOT brace-expansion@1.1.16 OK for: minimatch@3.1.5 want: ^1.1.7
1180 silly fetch manifest concat-map@0.0.1
1181 silly packumentCache full:https://registry.npmjs.org/concat-map cache-miss
1182 silly fetch manifest balanced-match@^1.0.0
1183 silly packumentCache full:https://registry.npmjs.org/balanced-match cache-miss
1184 http fetch GET 200 https://registry.npmjs.org/concat-map 33ms (cache miss)
1185 silly packumentCache full:https://registry.npmjs.org/concat-map set size:undefined disposed:false
1186 http fetch GET 200 https://registry.npmjs.org/balanced-match 36ms (cache miss)
1187 silly packumentCache full:https://registry.npmjs.org/balanced-match set size:undefined disposed:false
1188 silly placeDep ROOT balanced-match@1.0.2 OK for: brace-expansion@1.1.16 want: ^1.0.0
1189 silly placeDep ROOT concat-map@0.0.1 OK for: brace-expansion@1.1.16 want: 0.0.1
1190 silly placeDep ROOT deep-is@0.1.4 OK for: optionator@0.9.4 want: ^0.1.3
1191 silly placeDep ROOT fast-levenshtein@2.0.6 OK for: optionator@0.9.4 want: ^2.0.6
1192 silly placeDep ROOT word-wrap@1.2.5 OK for: optionator@0.9.4 want: ^1.2.5
1193 silly placeDep ROOT p-limit@3.1.0 OK for: p-locate@5.0.0 want: ^3.0.2
1194 silly fetch manifest yocto-queue@^0.1.0
1195 silly packumentCache full:https://registry.npmjs.org/yocto-queue cache-miss
1196 http fetch GET 200 https://registry.npmjs.org/yocto-queue 34ms (cache miss)
1197 silly packumentCache full:https://registry.npmjs.org/yocto-queue set size:undefined disposed:false
1198 silly placeDep ROOT yocto-queue@0.1.0 OK for: p-limit@3.1.0 want: ^0.1.0
1199 silly placeDep ROOT callsites@3.1.0 OK for: parent-module@1.0.1 want: ^3.0.0
1200 silly placeDep ROOT nanoid@3.3.16 OK for: postcss@8.5.23 want: ^3.3.16
1201 silly placeDep ROOT source-map-js@1.2.1 OK for: postcss@8.5.23 want: ^1.2.1
1202 silly placeDep ROOT loose-envify@1.4.0 OK for: react@18.3.1 want: ^1.1.0
1203 silly placeDep ROOT scheduler@0.23.2 OK for: react-dom@18.3.1 want: ^0.23.2
1204 silly placeDep ROOT goober@2.1.19 OK for: react-hot-toast@2.6.0 want: ^2.1.16
1205 silly fetch manifest react@>=18
1206 silly packumentCache full:https://registry.npmjs.org/react cache-miss
1207 http cache https://registry.npmjs.org/react 25ms (cache hit)
1208 silly packumentCache full:https://registry.npmjs.org/react set size:6830011 disposed:false
1209 silly fetch manifest react-dom@>=18
1210 silly packumentCache full:https://registry.npmjs.org/react-dom cache-miss
1211 http cache https://registry.npmjs.org/react-dom 30ms (cache hit)
1212 silly packumentCache full:https://registry.npmjs.org/react-dom set size:9160340 disposed:false
1213 silly placeDep ROOT react-router@7.18.1 OK for: react-router-dom@7.18.1 want: 7.18.1
1214 silly fetch manifest cookie@^1.0.1
1215 silly packumentCache full:https://registry.npmjs.org/cookie cache-miss
1216 silly fetch manifest set-cookie-parser@^2.6.0
1217 silly packumentCache full:https://registry.npmjs.org/set-cookie-parser cache-miss
1218 http fetch GET 200 https://registry.npmjs.org/cookie 40ms (cache miss)
1219 silly packumentCache full:https://registry.npmjs.org/cookie set size:undefined disposed:false
1220 http fetch GET 200 https://registry.npmjs.org/set-cookie-parser 49ms (cache miss)
1221 silly packumentCache full:https://registry.npmjs.org/set-cookie-parser set size:undefined disposed:false
1222 silly placeDep ROOT cookie@1.1.1 OK for: react-router@7.18.1 want: ^1.0.1
1223 silly placeDep ROOT set-cookie-parser@2.7.2 OK for: react-router@7.18.1 want: ^2.6.0
1224 silly fetch manifest react@^16.0.0 || ^17.0.0 || ^18.0.0 || ^19.0.0
1225 silly packumentCache full:https://registry.npmjs.org/react cache-miss
1226 http cache https://registry.npmjs.org/react 25ms (cache hit)
1227 silly packumentCache full:https://registry.npmjs.org/react set size:6830011 disposed:false
1228 silly fetch manifest react-dom@^16.0.0 || ^17.0.0 || ^18.0.0 || ^19.0.0
1229 silly packumentCache full:https://registry.npmjs.org/react-dom cache-miss
1230 http cache https://registry.npmjs.org/react-dom 40ms (cache hit)
1231 silly packumentCache full:https://registry.npmjs.org/react-dom set size:9160340 disposed:false
1232 silly placeDep ROOT clsx@2.1.1 OK for: recharts@2.15.4 want: ^2.0.0
1233 silly placeDep ROOT eventemitter3@4.0.7 OK for: recharts@2.15.4 want: ^4.0.1
1234 silly placeDep ROOT lodash@4.18.1 OK for: recharts@2.15.4 want: ^4.17.21
1235 silly placeDep ROOT react-is@18.3.1 OK for: recharts@2.15.4 want: ^18.3.1
1236 silly placeDep ROOT react-smooth@4.0.4 OK for: recharts@2.15.4 want: ^4.0.4
1237 silly placeDep ROOT recharts-scale@0.4.5 OK for: recharts@2.15.4 want: ^0.4.4
1238 silly placeDep ROOT tiny-invariant@1.3.3 OK for: recharts@2.15.4 want: ^1.3.1
1239 silly placeDep ROOT victory-vendor@36.9.2 OK for: recharts@2.15.4 want: ^36.6.8
1240 silly fetch manifest fast-equals@^5.0.1
1241 silly packumentCache full:https://registry.npmjs.org/fast-equals cache-miss
1242 silly fetch manifest prop-types@^15.8.1
1243 silly packumentCache full:https://registry.npmjs.org/prop-types cache-miss
1244 silly fetch manifest react-transition-group@^4.4.5
1245 silly packumentCache full:https://registry.npmjs.org/react-transition-group cache-miss
1246 silly fetch manifest decimal.js-light@^2.4.1
1247 silly packumentCache full:https://registry.npmjs.org/decimal.js-light cache-miss
1248 silly fetch manifest d3-ease@^3.0.1
1249 silly packumentCache full:https://registry.npmjs.org/d3-ease cache-miss
1250 silly fetch manifest d3-time@^3.0.0
1251 silly packumentCache full:https://registry.npmjs.org/d3-time cache-miss
1252 silly fetch manifest d3-array@^3.1.6
1253 silly packumentCache full:https://registry.npmjs.org/d3-array cache-miss
1254 silly fetch manifest d3-scale@^4.0.2
1255 silly packumentCache full:https://registry.npmjs.org/d3-scale cache-miss
1256 silly fetch manifest d3-shape@^3.1.0
1257 silly packumentCache full:https://registry.npmjs.org/d3-shape cache-miss
1258 silly fetch manifest d3-timer@^3.0.1
1259 silly packumentCache full:https://registry.npmjs.org/d3-timer cache-miss
1260 silly fetch manifest @types/d3-ease@^3.0.0
1261 silly packumentCache full:https://registry.npmjs.org/@types%2fd3-ease cache-miss
1262 http fetch GET 200 https://registry.npmjs.org/prop-types 62ms (cache miss)
1263 silly packumentCache full:https://registry.npmjs.org/prop-types set size:undefined disposed:false
1264 silly fetch manifest @types/d3-time@^3.0.0
1265 silly packumentCache full:https://registry.npmjs.org/@types%2fd3-time cache-miss
1266 http fetch GET 200 https://registry.npmjs.org/fast-equals 69ms (cache miss)
1267 silly packumentCache full:https://registry.npmjs.org/fast-equals set size:undefined disposed:false
1268 silly fetch manifest d3-interpolate@^3.0.1
1269 silly packumentCache full:https://registry.npmjs.org/d3-interpolate cache-miss
1270 http fetch GET 200 https://registry.npmjs.org/d3-timer 68ms (cache miss)
1271 silly packumentCache full:https://registry.npmjs.org/d3-timer set size:undefined disposed:false
1272 silly fetch manifest @types/d3-array@^3.0.3
1273 silly packumentCache full:https://registry.npmjs.org/@types%2fd3-array cache-miss
1274 http fetch GET 200 https://registry.npmjs.org/d3-ease 77ms (cache miss)
1275 silly packumentCache full:https://registry.npmjs.org/d3-ease set size:undefined disposed:false
1276 silly fetch manifest @types/d3-scale@^4.0.2
1277 silly packumentCache full:https://registry.npmjs.org/@types%2fd3-scale cache-miss
1278 http fetch GET 200 https://registry.npmjs.org/d3-shape 83ms (cache miss)
1279 silly packumentCache full:https://registry.npmjs.org/d3-shape set size:undefined disposed:false
1280 silly fetch manifest @types/d3-shape@^3.1.0
1281 silly packumentCache full:https://registry.npmjs.org/@types%2fd3-shape cache-miss
1282 http fetch GET 200 https://registry.npmjs.org/d3-scale 100ms (cache miss)
1283 silly packumentCache full:https://registry.npmjs.org/d3-scale set size:undefined disposed:false
1284 silly fetch manifest @types/d3-timer@^3.0.0
1285 silly packumentCache full:https://registry.npmjs.org/@types%2fd3-timer cache-miss
1286 http fetch GET 200 https://registry.npmjs.org/@types%2fd3-scale 52ms (cache miss)
1287 silly packumentCache full:https://registry.npmjs.org/@types%2fd3-scale set size:undefined disposed:false
1288 silly fetch manifest @types/d3-interpolate@^3.0.1
1289 silly packumentCache full:https://registry.npmjs.org/@types%2fd3-interpolate cache-miss
1290 http fetch GET 200 https://registry.npmjs.org/@types%2fd3-shape 46ms (cache miss)
1291 silly packumentCache full:https://registry.npmjs.org/@types%2fd3-shape set size:undefined disposed:false
1292 http fetch GET 200 https://registry.npmjs.org/decimal.js-light 293ms (cache miss)
1293 silly packumentCache full:https://registry.npmjs.org/decimal.js-light set size:undefined disposed:false
1294 http fetch GET 200 https://registry.npmjs.org/d3-time 306ms (cache miss)
1295 silly packumentCache full:https://registry.npmjs.org/d3-time set size:undefined disposed:false
1296 http fetch GET 200 https://registry.npmjs.org/react-transition-group 327ms (cache miss)
1297 silly packumentCache full:https://registry.npmjs.org/react-transition-group set size:undefined disposed:false
1298 http fetch GET 200 https://registry.npmjs.org/d3-array 330ms (cache miss)
1299 silly packumentCache full:https://registry.npmjs.org/d3-array set size:undefined disposed:false
1300 http fetch GET 200 https://registry.npmjs.org/@types%2fd3-time 298ms (cache miss)
1301 silly packumentCache full:https://registry.npmjs.org/@types%2fd3-time set size:undefined disposed:false
1302 http fetch GET 200 https://registry.npmjs.org/d3-interpolate 312ms (cache miss)
1303 silly packumentCache full:https://registry.npmjs.org/d3-interpolate set size:undefined disposed:false
1304 http fetch GET 200 https://registry.npmjs.org/@types%2fd3-timer 305ms (cache miss)
1305 silly packumentCache full:https://registry.npmjs.org/@types%2fd3-timer set size:undefined disposed:false
1306 http fetch GET 200 https://registry.npmjs.org/@types%2fd3-interpolate 307ms (cache miss)
1307 silly packumentCache full:https://registry.npmjs.org/@types%2fd3-interpolate set size:undefined disposed:false
1308 http fetch GET 200 https://registry.npmjs.org/@types%2fd3-array 570ms (cache miss)
1309 silly packumentCache full:https://registry.npmjs.org/@types%2fd3-array set size:undefined disposed:false
1310 http fetch GET 200 https://registry.npmjs.org/@types%2fd3-ease 1026ms (cache miss)
1311 silly packumentCache full:https://registry.npmjs.org/@types%2fd3-ease set size:undefined disposed:false
1312 silly fetch manifest react@^16.8.0 || ^17.0.0 || ^18.0.0 || ^19.0.0
1313 silly packumentCache full:https://registry.npmjs.org/react cache-miss
1314 http cache https://registry.npmjs.org/react 24ms (cache hit)
1315 silly packumentCache full:https://registry.npmjs.org/react set size:6830011 disposed:false
1316 silly fetch manifest react-dom@^16.8.0 || ^17.0.0 || ^18.0.0 || ^19.0.0
1317 silly packumentCache full:https://registry.npmjs.org/react-dom cache-miss
1318 http cache https://registry.npmjs.org/react-dom 31ms (cache hit)
1319 silly packumentCache full:https://registry.npmjs.org/react-dom set size:9160340 disposed:false
1320 silly placeDep ROOT fast-equals@5.4.1 OK for: react-smooth@4.0.4 want: ^5.0.1
1321 silly placeDep ROOT prop-types@15.8.1 OK for: react-smooth@4.0.4 want: ^15.8.1
1322 silly placeDep ROOT react-transition-group@4.4.5 OK for: react-smooth@4.0.4 want: ^4.4.5
1323 silly fetch manifest object-assign@^4.1.1
1324 silly packumentCache full:https://registry.npmjs.org/object-assign cache-miss
1325 silly fetch manifest react-is@^16.13.1
1326 silly packumentCache full:https://registry.npmjs.org/react-is cache-miss
1327 silly fetch manifest @babel/runtime@^7.5.5
1328 silly packumentCache full:https://registry.npmjs.org/@babel%2fruntime cache-miss
1329 silly fetch manifest dom-helpers@^5.0.1
1330 silly packumentCache full:https://registry.npmjs.org/dom-helpers cache-miss
1331 http cache https://registry.npmjs.org/react-is 25ms (cache hit)
1332 silly packumentCache full:https://registry.npmjs.org/react-is set size:5525939 disposed:false
1333 http fetch GET 200 https://registry.npmjs.org/object-assign 80ms (cache miss)
1334 silly packumentCache full:https://registry.npmjs.org/object-assign set size:undefined disposed:false
1335 http fetch GET 200 https://registry.npmjs.org/@babel%2fruntime 181ms (cache miss)
1336 silly packumentCache full:https://registry.npmjs.org/@babel%2fruntime set size:undefined disposed:false
1337 http fetch GET 200 https://registry.npmjs.org/dom-helpers 330ms (cache miss)
1338 silly packumentCache full:https://registry.npmjs.org/dom-helpers set size:undefined disposed:false
1339 silly placeDep ROOT object-assign@4.1.1 OK for: prop-types@15.8.1 want: ^4.1.1
1340 silly placeDep node_modules/prop-types react-is@16.13.1 OK for: prop-types@15.8.1 want: ^16.13.1
1341 silly placeDep ROOT @babel/runtime@7.29.7 OK for: react-transition-group@4.4.5 want: ^7.5.5
1342 silly placeDep ROOT dom-helpers@5.2.1 OK for: react-transition-group@4.4.5 want: ^5.0.1
1343 silly placeDep ROOT decimal.js-light@2.5.1 OK for: recharts-scale@0.4.5 want: ^2.4.1
1344 silly placeDep ROOT shebang-regex@3.0.0 OK for: shebang-command@2.0.0 want: ^3.0.0
1345 silly placeDep ROOT has-flag@4.0.0 OK for: supports-color@7.2.0 want: ^4.0.0
1346 silly fetch manifest postcss@^8.4.47
1347 silly packumentCache full:https://registry.npmjs.org/postcss cache-hit
1348 silly placeDep ROOT @alloc/quick-lru@5.2.0 OK for: tailwindcss@3.4.19 want: ^5.2.0
1349 silly placeDep ROOT arg@5.0.2 OK for: tailwindcss@3.4.19 want: ^5.0.2
1350 silly placeDep ROOT chokidar@3.6.0 OK for: tailwindcss@3.4.19 want: ^3.6.0
1351 silly placeDep ROOT didyoumean@1.2.2 OK for: tailwindcss@3.4.19 want: ^1.2.2
1352 silly placeDep ROOT dlv@1.1.3 OK for: tailwindcss@3.4.19 want: ^1.1.3
1353 silly placeDep ROOT fast-glob@3.3.3 OK for: tailwindcss@3.4.19 want: ^3.3.2
1354 silly placeDep ROOT jiti@1.21.7 OK for: tailwindcss@3.4.19 want: ^1.21.7
1355 silly placeDep ROOT lilconfig@3.1.3 OK for: tailwindcss@3.4.19 want: ^3.1.3
1356 silly placeDep ROOT micromatch@4.0.8 OK for: tailwindcss@3.4.19 want: ^4.0.8
1357 silly placeDep ROOT normalize-path@3.0.0 OK for: tailwindcss@3.4.19 want: ^3.0.0
1358 silly placeDep ROOT object-hash@3.0.0 OK for: tailwindcss@3.4.19 want: ^3.0.0
1359 silly placeDep ROOT postcss-import@15.1.0 OK for: tailwindcss@3.4.19 want: ^15.1.0
1360 silly placeDep ROOT postcss-js@4.1.0 OK for: tailwindcss@3.4.19 want: ^4.0.1
1361 silly placeDep ROOT postcss-load-config@6.0.1 OK for: tailwindcss@3.4.19 want: ^4.0.2 || ^5.0 || ^6.0
1362 silly placeDep ROOT postcss-nested@6.2.0 OK for: tailwindcss@3.4.19 want: ^6.2.0
1363 silly placeDep ROOT postcss-selector-parser@6.1.4 OK for: tailwindcss@3.4.19 want: ^6.1.2
1364 silly placeDep ROOT resolve@1.22.12 OK for: tailwindcss@3.4.19 want: ^1.22.8
1365 silly placeDep ROOT sucrase@3.35.1 OK for: tailwindcss@3.4.19 want: ^3.35.0
1366 silly fetch manifest braces@~3.0.2
1367 silly packumentCache full:https://registry.npmjs.org/braces cache-miss
1368 silly fetch manifest anymatch@~3.1.2
1369 silly packumentCache full:https://registry.npmjs.org/anymatch cache-miss
1370 silly fetch manifest readdirp@~3.6.0
1371 silly packumentCache full:https://registry.npmjs.org/readdirp cache-miss
1372 silly fetch manifest glob-parent@~5.1.2
1373 silly packumentCache full:https://registry.npmjs.org/glob-parent cache-miss
1374 silly fetch manifest is-binary-path@~2.1.0
1375 silly packumentCache full:https://registry.npmjs.org/is-binary-path cache-miss
1376 silly fetch manifest normalize-path@~3.0.0
1377 silly packumentCache full:https://registry.npmjs.org/normalize-path cache-miss
1378 silly fetch manifest fsevents@~2.3.2
1379 silly packumentCache full:https://registry.npmjs.org/fsevents cache-miss
1380 silly fetch manifest @nodelib/fs.stat@^2.0.2
1381 silly packumentCache full:https://registry.npmjs.org/@nodelib%2ffs.stat cache-miss
1382 silly fetch manifest @nodelib/fs.walk@^1.2.3
1383 silly packumentCache full:https://registry.npmjs.org/@nodelib%2ffs.walk cache-miss
1384 silly fetch manifest glob-parent@^5.1.2
1385 silly packumentCache full:https://registry.npmjs.org/glob-parent cache-miss
1386 silly fetch manifest merge2@^1.3.0
1387 silly packumentCache full:https://registry.npmjs.org/merge2 cache-miss
1388 http cache https://registry.npmjs.org/glob-parent 21ms (cache hit)
1389 silly packumentCache full:https://registry.npmjs.org/glob-parent set size:42445 disposed:false
1390 silly fetch manifest braces@^3.0.3
1391 silly packumentCache full:https://registry.npmjs.org/braces cache-miss
1392 http cache https://registry.npmjs.org/normalize-path 22ms (cache hit)
1393 silly packumentCache full:https://registry.npmjs.org/normalize-path set size:28713 disposed:false
1394 silly fetch manifest picomatch@^2.3.1
1395 silly packumentCache full:https://registry.npmjs.org/picomatch cache-miss
1396 http cache https://registry.npmjs.org/fsevents 25ms (cache hit)
1397 silly packumentCache full:https://registry.npmjs.org/fsevents set size:182472 disposed:false
1398 silly fetch manifest resolve@^1.1.7
1399 silly packumentCache full:https://registry.npmjs.org/resolve cache-miss
1400 http cache https://registry.npmjs.org/glob-parent 31ms (cache hit)
1401 silly packumentCache full:https://registry.npmjs.org/glob-parent set size:42445 disposed:false
1402 silly packumentCache full:https://registry.npmjs.org/glob-parent dispose
1403 silly fetch manifest read-cache@^1.0.0
1404 silly packumentCache full:https://registry.npmjs.org/read-cache cache-miss
1405 http cache https://registry.npmjs.org/picomatch 33ms (cache hit)
1406 silly packumentCache full:https://registry.npmjs.org/picomatch set size:128942 disposed:false
1407 silly fetch manifest camelcase-css@^2.0.1
1408 silly packumentCache full:https://registry.npmjs.org/camelcase-css cache-miss
1409 http fetch GET 200 https://registry.npmjs.org/is-binary-path 63ms (cache miss)
1410 silly packumentCache full:https://registry.npmjs.org/is-binary-path set size:undefined disposed:false
1411 silly fetch manifest postcss-selector-parser@^6.1.1
1412 silly packumentCache full:https://registry.npmjs.org/postcss-selector-parser cache-miss
1413 http fetch GET 200 https://registry.npmjs.org/anymatch 67ms (cache miss)
1414 silly packumentCache full:https://registry.npmjs.org/anymatch set size:undefined disposed:false
1415 silly fetch manifest cssesc@^3.0.0
1416 silly packumentCache full:https://registry.npmjs.org/cssesc cache-miss
1417 http cache https://registry.npmjs.org/resolve 42ms (cache hit)
1418 silly packumentCache full:https://registry.npmjs.org/resolve set size:244568 disposed:false
1419 silly fetch manifest util-deprecate@^1.0.2
1420 silly packumentCache full:https://registry.npmjs.org/util-deprecate cache-miss
1421 http fetch GET 200 https://registry.npmjs.org/braces 79ms (cache miss)
1422 silly packumentCache full:https://registry.npmjs.org/braces set size:undefined disposed:false
1423 silly fetch manifest path-parse@^1.0.7
1424 silly packumentCache full:https://registry.npmjs.org/path-parse cache-miss
1425 http fetch GET 200 https://registry.npmjs.org/readdirp 90ms (cache miss)
1426 silly packumentCache full:https://registry.npmjs.org/readdirp set size:undefined disposed:false
1427 silly fetch manifest is-core-module@^2.16.1
1428 silly packumentCache full:https://registry.npmjs.org/is-core-module cache-miss
1429 http fetch GET 200 https://registry.npmjs.org/braces 73ms (cache miss)
1430 silly packumentCache full:https://registry.npmjs.org/braces set size:undefined disposed:false
1431 silly fetch manifest supports-preserve-symlinks-flag@^1.0.0
1432 silly packumentCache full:https://registry.npmjs.org/supports-preserve-symlinks-flag cache-miss
1433 http fetch GET 200 https://registry.npmjs.org/@nodelib%2ffs.walk 99ms (cache miss)
1434 silly packumentCache full:https://registry.npmjs.org/@nodelib%2ffs.walk set size:undefined disposed:false
1435 silly fetch manifest commander@^4.0.0
1436 silly packumentCache full:https://registry.npmjs.org/commander cache-miss
1437 http cache https://registry.npmjs.org/postcss-selector-parser 41ms (cache hit)
1438 silly packumentCache full:https://registry.npmjs.org/postcss-selector-parser set size:193966 disposed:false
1439 silly fetch manifest lines-and-columns@^1.1.6
1440 silly packumentCache full:https://registry.npmjs.org/lines-and-columns cache-miss
1441 http fetch GET 200 https://registry.npmjs.org/read-cache 79ms (cache miss)
1442 silly packumentCache full:https://registry.npmjs.org/read-cache set size:undefined disposed:false
1443 silly fetch manifest mz@^2.7.0
1444 silly packumentCache full:https://registry.npmjs.org/mz cache-miss
1445 http fetch GET 200 https://registry.npmjs.org/camelcase-css 61ms (cache miss)
1446 silly packumentCache full:https://registry.npmjs.org/camelcase-css set size:undefined disposed:false
1447 silly fetch manifest pirates@^4.0.1
1448 silly packumentCache full:https://registry.npmjs.org/pirates cache-miss
1449 http fetch GET 200 https://registry.npmjs.org/util-deprecate 54ms (cache miss)
1450 silly packumentCache full:https://registry.npmjs.org/util-deprecate set size:undefined disposed:false
1451 silly fetch manifest tinyglobby@^0.2.11
1452 silly packumentCache full:https://registry.npmjs.org/tinyglobby cache-miss
1453 http fetch GET 200 https://registry.npmjs.org/path-parse 51ms (cache miss)
1454 silly packumentCache full:https://registry.npmjs.org/path-parse set size:undefined disposed:false
1455 silly fetch manifest ts-interface-checker@^0.1.9
1456 silly packumentCache full:https://registry.npmjs.org/ts-interface-checker cache-miss
1457 http fetch GET 200 https://registry.npmjs.org/cssesc 67ms (cache miss)
1458 silly packumentCache full:https://registry.npmjs.org/cssesc set size:undefined disposed:false
1459 http cache https://registry.npmjs.org/tinyglobby 18ms (cache hit)
1460 silly packumentCache full:https://registry.npmjs.org/tinyglobby set size:54291 disposed:false
1461 http fetch GET 200 https://registry.npmjs.org/supports-preserve-symlinks-flag 51ms (cache miss)
1462 silly packumentCache full:https://registry.npmjs.org/supports-preserve-symlinks-flag set size:undefined disposed:false
1463 http fetch GET 200 https://registry.npmjs.org/lines-and-columns 52ms (cache miss)
1464 silly packumentCache full:https://registry.npmjs.org/lines-and-columns set size:undefined disposed:false
1465 http fetch GET 200 https://registry.npmjs.org/mz 55ms (cache miss)
1466 silly packumentCache full:https://registry.npmjs.org/mz set size:undefined disposed:false
1467 http fetch GET 200 https://registry.npmjs.org/commander 69ms (cache miss)
1468 silly packumentCache full:https://registry.npmjs.org/commander set size:undefined disposed:false
1469 http fetch GET 200 https://registry.npmjs.org/pirates 55ms (cache miss)
1470 silly packumentCache full:https://registry.npmjs.org/pirates set size:undefined disposed:false
1471 http fetch GET 200 https://registry.npmjs.org/ts-interface-checker 51ms (cache miss)
1472 silly packumentCache full:https://registry.npmjs.org/ts-interface-checker set size:undefined disposed:false
1473 http fetch GET 200 https://registry.npmjs.org/merge2 330ms (cache miss)
1474 silly packumentCache full:https://registry.npmjs.org/merge2 set size:undefined disposed:false
1475 http fetch GET 200 https://registry.npmjs.org/@nodelib%2ffs.stat 346ms (cache miss)
1476 silly packumentCache full:https://registry.npmjs.org/@nodelib%2ffs.stat set size:undefined disposed:false
1477 http fetch GET 200 https://registry.npmjs.org/is-core-module 332ms (cache miss)
1478 silly packumentCache full:https://registry.npmjs.org/is-core-module set size:undefined disposed:false
1479 silly placeDep ROOT anymatch@3.1.3 OK for: chokidar@3.6.0 want: ~3.1.2
1480 silly placeDep ROOT braces@3.0.3 OK for: chokidar@3.6.0 want: ~3.0.2
1481 silly placeDep ROOT fsevents@2.3.3 OK for: chokidar@3.6.0 want: ~2.3.2
1482 silly placeDep node_modules/chokidar glob-parent@5.1.2 OK for: chokidar@3.6.0 want: ~5.1.2
1483 silly placeDep ROOT is-binary-path@2.1.0 OK for: chokidar@3.6.0 want: ~2.1.0
1484 silly placeDep ROOT readdirp@3.6.0 OK for: chokidar@3.6.0 want: ~3.6.0
1485 silly fetch manifest picomatch@^2.0.4
1486 silly packumentCache full:https://registry.npmjs.org/picomatch cache-hit
1487 silly fetch manifest fill-range@^7.1.1
1488 silly packumentCache full:https://registry.npmjs.org/fill-range cache-miss
1489 silly fetch manifest binary-extensions@^2.0.0
1490 silly packumentCache full:https://registry.npmjs.org/binary-extensions cache-miss
1491 silly fetch manifest picomatch@^2.2.1
1492 silly packumentCache full:https://registry.npmjs.org/picomatch cache-hit
1493 http fetch GET 200 https://registry.npmjs.org/binary-extensions 39ms (cache miss)
1494 silly packumentCache full:https://registry.npmjs.org/binary-extensions set size:undefined disposed:false
1495 http fetch GET 200 https://registry.npmjs.org/fill-range 52ms (cache miss)
1496 silly packumentCache full:https://registry.npmjs.org/fill-range set size:undefined disposed:false
1497 silly placeDep ROOT picomatch@2.3.2 OK for: anymatch@3.1.3 want: ^2.0.4
1498 silly placeDep ROOT fill-range@7.1.1 OK for: braces@3.0.3 want: ^7.1.1
1499 silly fetch manifest to-regex-range@^5.0.1
1500 silly packumentCache full:https://registry.npmjs.org/to-regex-range cache-miss
1501 http fetch GET 200 https://registry.npmjs.org/to-regex-range 36ms (cache miss)
1502 silly packumentCache full:https://registry.npmjs.org/to-regex-range set size:undefined disposed:false
1503 silly placeDep ROOT @nodelib/fs.stat@2.0.5 OK for: fast-glob@3.3.3 want: ^2.0.2
1504 silly placeDep ROOT @nodelib/fs.walk@1.2.8 OK for: fast-glob@3.3.3 want: ^1.2.3
1505 silly placeDep node_modules/fast-glob glob-parent@5.1.2 OK for: fast-glob@3.3.3 want: ^5.1.2
1506 silly placeDep ROOT merge2@1.4.1 OK for: fast-glob@3.3.3 want: ^1.3.0
1507 silly fetch manifest fastq@^1.6.0
1508 silly packumentCache full:https://registry.npmjs.org/fastq cache-miss
1509 silly fetch manifest @nodelib/fs.scandir@2.1.5
1510 silly packumentCache full:https://registry.npmjs.org/@nodelib%2ffs.scandir cache-miss
1511 http fetch GET 200 https://registry.npmjs.org/fastq 40ms (cache miss)
1512 silly packumentCache full:https://registry.npmjs.org/fastq set size:undefined disposed:false
1513 http fetch GET 200 https://registry.npmjs.org/@nodelib%2ffs.scandir 315ms (cache miss)
1514 silly packumentCache full:https://registry.npmjs.org/@nodelib%2ffs.scandir set size:undefined disposed:false
1515 silly placeDep ROOT @nodelib/fs.scandir@2.1.5 OK for: @nodelib/fs.walk@1.2.8 want: 2.1.5
1516 silly placeDep ROOT fastq@1.20.1 OK for: @nodelib/fs.walk@1.2.8 want: ^1.6.0
1517 silly fetch manifest run-parallel@^1.1.9
1518 silly packumentCache full:https://registry.npmjs.org/run-parallel cache-miss
1519 silly fetch manifest reusify@^1.0.4
1520 silly packumentCache full:https://registry.npmjs.org/reusify cache-miss
1521 http fetch GET 200 https://registry.npmjs.org/run-parallel 36ms (cache miss)
1522 silly packumentCache full:https://registry.npmjs.org/run-parallel set size:undefined disposed:false
1523 http fetch GET 200 https://registry.npmjs.org/reusify 38ms (cache miss)
1524 silly packumentCache full:https://registry.npmjs.org/reusify set size:undefined disposed:false
1525 silly placeDep ROOT run-parallel@1.2.0 OK for: @nodelib/fs.scandir@2.1.5 want: ^1.1.9
1526 silly fetch manifest queue-microtask@^1.2.2
1527 silly packumentCache full:https://registry.npmjs.org/queue-microtask cache-miss
1528 http fetch GET 200 https://registry.npmjs.org/queue-microtask 27ms (cache miss)
1529 silly packumentCache full:https://registry.npmjs.org/queue-microtask set size:undefined disposed:false
1530 silly placeDep ROOT reusify@1.1.0 OK for: fastq@1.20.1 want: ^1.0.4
1531 silly placeDep ROOT to-regex-range@5.0.1 OK for: fill-range@7.1.1 want: ^5.0.1
1532 silly fetch manifest is-number@^7.0.0
1533 silly packumentCache full:https://registry.npmjs.org/is-number cache-miss
1534 http fetch GET 200 https://registry.npmjs.org/is-number 30ms (cache miss)
1535 silly packumentCache full:https://registry.npmjs.org/is-number set size:undefined disposed:false
1536 silly placeDep ROOT binary-extensions@2.3.0 OK for: is-binary-path@2.1.0 want: ^2.0.0
1537 silly placeDep ROOT read-cache@1.0.0 OK for: postcss-import@15.1.0 want: ^1.0.0
1538 silly fetch manifest pify@^2.3.0
1539 silly packumentCache full:https://registry.npmjs.org/pify cache-miss
1540 http fetch GET 200 https://registry.npmjs.org/pify 30ms (cache miss)
1541 silly packumentCache full:https://registry.npmjs.org/pify set size:undefined disposed:false
1542 silly placeDep ROOT camelcase-css@2.0.1 OK for: postcss-js@4.1.0 want: ^2.0.1
1543 silly placeDep ROOT cssesc@3.0.0 OK for: postcss-selector-parser@6.1.4 want: ^3.0.0
1544 silly placeDep ROOT util-deprecate@1.0.2 OK for: postcss-selector-parser@6.1.4 want: ^1.0.2
1545 silly placeDep ROOT pify@2.3.0 OK for: read-cache@1.0.0 want: ^2.3.0
1546 silly placeDep ROOT is-core-module@2.16.2 OK for: resolve@1.22.12 want: ^2.16.1
1547 silly placeDep ROOT path-parse@1.0.7 OK for: resolve@1.22.12 want: ^1.0.7
1548 silly placeDep ROOT supports-preserve-symlinks-flag@1.0.0 OK for: resolve@1.22.12 want: ^1.0.0
1549 silly placeDep ROOT queue-microtask@1.2.3 OK for: run-parallel@1.2.0 want: ^1.2.2
1550 silly placeDep ROOT commander@4.1.1 OK for: sucrase@3.35.1 want: ^4.0.0
1551 silly placeDep ROOT lines-and-columns@1.2.4 OK for: sucrase@3.35.1 want: ^1.1.6
1552 silly placeDep ROOT mz@2.7.0 OK for: sucrase@3.35.1 want: ^2.7.0
1553 silly placeDep ROOT pirates@4.0.7 OK for: sucrase@3.35.1 want: ^4.0.1
1554 silly placeDep ROOT tinyglobby@0.2.17 OK for: sucrase@3.35.1 want: ^0.2.11
1555 silly placeDep ROOT ts-interface-checker@0.1.13 OK for: sucrase@3.35.1 want: ^0.1.9
1556 silly fetch manifest any-promise@^1.0.0
1557 silly packumentCache full:https://registry.npmjs.org/any-promise cache-miss
1558 silly fetch manifest thenify-all@^1.0.0
1559 silly packumentCache full:https://registry.npmjs.org/thenify-all cache-miss
1560 silly fetch manifest fdir@^6.5.0
1561 silly packumentCache full:https://registry.npmjs.org/fdir cache-miss
1562 silly fetch manifest picomatch@^4.0.4
1563 silly packumentCache full:https://registry.npmjs.org/picomatch cache-hit
1564 http cache https://registry.npmjs.org/fdir 11ms (cache hit)
1565 silly packumentCache full:https://registry.npmjs.org/fdir set size:136182 disposed:false
1566 http fetch GET 200 https://registry.npmjs.org/thenify-all 35ms (cache miss)
1567 silly packumentCache full:https://registry.npmjs.org/thenify-all set size:undefined disposed:false
1568 http fetch GET 200 https://registry.npmjs.org/any-promise 36ms (cache miss)
1569 silly packumentCache full:https://registry.npmjs.org/any-promise set size:undefined disposed:false
1570 silly placeDep ROOT any-promise@1.3.0 OK for: mz@2.7.0 want: ^1.0.0
1571 silly placeDep ROOT thenify-all@1.6.0 OK for: mz@2.7.0 want: ^1.0.0
1572 silly fetch manifest thenify@>= 3.1.0 < 4
1573 silly packumentCache full:https://registry.npmjs.org/thenify cache-miss
1574 http fetch GET 200 https://registry.npmjs.org/thenify 31ms (cache miss)
1575 silly packumentCache full:https://registry.npmjs.org/thenify set size:undefined disposed:false
1576 silly placeDep ROOT thenify@3.3.1 OK for: thenify-all@1.6.0 want: >= 3.1.0 < 4
1577 silly placeDep node_modules/tinyglobby fdir@6.5.0 OK for: tinyglobby@0.2.17 want: ^6.5.0
1578 silly placeDep node_modules/tinyglobby picomatch@4.0.5 OK for: fdir@6.5.0 want: ^3 || ^4
1579 silly placeDep ROOT is-number@7.0.0 OK for: to-regex-range@5.0.1 want: ^7.0.0
1580 silly placeDep ROOT escalade@3.2.0 OK for: update-browserslist-db@1.2.3 want: ^3.2.0
1581 silly placeDep ROOT punycode@2.3.1 OK for: uri-js@4.4.1 want: ^2.1.0
1582 silly placeDep ROOT @types/d3-array@3.2.2 OK for: victory-vendor@36.9.2 want: ^3.0.3
1583 silly placeDep ROOT @types/d3-ease@3.0.2 OK for: victory-vendor@36.9.2 want: ^3.0.0
1584 silly placeDep ROOT @types/d3-interpolate@3.0.4 OK for: victory-vendor@36.9.2 want: ^3.0.1
1585 silly placeDep ROOT @types/d3-scale@4.0.9 OK for: victory-vendor@36.9.2 want: ^4.0.2
1586 silly placeDep ROOT @types/d3-shape@3.1.8 OK for: victory-vendor@36.9.2 want: ^3.1.0
1587 silly placeDep ROOT @types/d3-time@3.0.4 OK for: victory-vendor@36.9.2 want: ^3.0.0
1588 silly placeDep ROOT @types/d3-timer@3.0.2 OK for: victory-vendor@36.9.2 want: ^3.0.0
1589 silly placeDep ROOT d3-array@3.2.4 OK for: victory-vendor@36.9.2 want: ^3.1.6
1590 silly placeDep ROOT d3-ease@3.0.1 OK for: victory-vendor@36.9.2 want: ^3.0.1
1591 silly placeDep ROOT d3-interpolate@3.0.1 OK for: victory-vendor@36.9.2 want: ^3.0.1
1592 silly placeDep ROOT d3-scale@4.0.2 OK for: victory-vendor@36.9.2 want: ^4.0.2
1593 silly placeDep ROOT d3-shape@3.2.0 OK for: victory-vendor@36.9.2 want: ^3.1.0
1594 silly placeDep ROOT d3-time@3.1.0 OK for: victory-vendor@36.9.2 want: ^3.0.0
1595 silly placeDep ROOT d3-timer@3.0.1 OK for: victory-vendor@36.9.2 want: ^3.0.1
1596 silly fetch manifest @types/d3-color@*
1597 silly packumentCache full:https://registry.npmjs.org/@types%2fd3-color cache-miss
1598 silly fetch manifest @types/d3-time@*
1599 silly packumentCache full:https://registry.npmjs.org/@types%2fd3-time cache-miss
1600 silly fetch manifest @types/d3-path@*
1601 silly packumentCache full:https://registry.npmjs.org/@types%2fd3-path cache-miss
1602 silly fetch manifest internmap@1 - 2
1603 silly packumentCache full:https://registry.npmjs.org/internmap cache-miss
1604 silly fetch manifest d3-color@1 - 3
1605 silly packumentCache full:https://registry.npmjs.org/d3-color cache-miss
1606 silly fetch manifest d3-format@1 - 3
1607 silly packumentCache full:https://registry.npmjs.org/d3-format cache-miss
1608 silly fetch manifest d3-time@2.1.1 - 3
1609 silly packumentCache full:https://registry.npmjs.org/d3-time cache-miss
1610 silly fetch manifest d3-time-format@2 - 4
1611 silly packumentCache full:https://registry.npmjs.org/d3-time-format cache-miss
1612 silly fetch manifest d3-path@^3.1.0
1613 silly packumentCache full:https://registry.npmjs.org/d3-path cache-miss
1614 http cache https://registry.npmjs.org/@types%2fd3-time 18ms (cache hit)
1615 silly packumentCache full:https://registry.npmjs.org/@types%2fd3-time set size:52652 disposed:false
1616 http cache https://registry.npmjs.org/d3-time 17ms (cache hit)
1617 silly packumentCache full:https://registry.npmjs.org/d3-time set size:150406 disposed:false
1618 http fetch GET 200 https://registry.npmjs.org/internmap 39ms (cache miss)
1619 silly packumentCache full:https://registry.npmjs.org/internmap set size:undefined disposed:false
1620 http fetch GET 200 https://registry.npmjs.org/d3-time-format 44ms (cache miss)
1621 silly packumentCache full:https://registry.npmjs.org/d3-time-format set size:undefined disposed:false
1622 http fetch GET 200 https://registry.npmjs.org/d3-format 49ms (cache miss)
1623 silly packumentCache full:https://registry.npmjs.org/d3-format set size:undefined disposed:false
1624 http fetch GET 200 https://registry.npmjs.org/d3-path 49ms (cache miss)
1625 silly packumentCache full:https://registry.npmjs.org/d3-path set size:undefined disposed:false
1626 http fetch GET 200 https://registry.npmjs.org/@types%2fd3-path 290ms (cache miss)
1627 silly packumentCache full:https://registry.npmjs.org/@types%2fd3-path set size:undefined disposed:false
1628 http fetch GET 200 https://registry.npmjs.org/d3-color 315ms (cache miss)
1629 silly packumentCache full:https://registry.npmjs.org/d3-color set size:undefined disposed:false
1630 http fetch GET 200 https://registry.npmjs.org/@types%2fd3-color 590ms (cache miss)
1631 silly packumentCache full:https://registry.npmjs.org/@types%2fd3-color set size:undefined disposed:false
1632 silly placeDep ROOT @types/d3-color@3.1.3 OK for: @types/d3-interpolate@3.0.4 want: *
1633 silly placeDep ROOT @types/d3-path@3.1.1 OK for: @types/d3-shape@3.1.8 want: *
1634 silly placeDep ROOT internmap@2.0.3 OK for: d3-array@3.2.4 want: 1 - 2
1635 silly placeDep ROOT d3-color@3.1.0 OK for: d3-interpolate@3.0.1 want: 1 - 3
1636 silly placeDep ROOT d3-format@3.1.2 OK for: d3-scale@4.0.2 want: 1 - 3
1637 silly placeDep ROOT d3-time-format@4.1.0 OK for: d3-scale@4.0.2 want: 2 - 4
1638 silly placeDep ROOT d3-path@3.1.0 OK for: d3-shape@3.2.0 want: ^3.1.0
1639 silly placeDep ROOT esbuild@0.25.12 OK for: vite@6.4.3 want: ^0.25.0
1640 silly placeDep node_modules/vite fdir@6.5.0 OK for: vite@6.4.3 want: ^6.4.4
1641 silly placeDep node_modules/vite picomatch@4.0.5 OK for: fdir@6.5.0 want: ^3 || ^4
1642 silly placeDep ROOT rollup@4.62.3 OK for: vite@6.4.3 want: ^4.34.9
1643 silly fetch manifest @esbuild/aix-ppc64@0.25.12
1644 silly packumentCache full:https://registry.npmjs.org/@esbuild%2faix-ppc64 cache-miss
1645 silly fetch manifest @esbuild/linux-arm@0.25.12
1646 silly packumentCache full:https://registry.npmjs.org/@esbuild%2flinux-arm cache-miss
1647 silly fetch manifest @esbuild/linux-x64@0.25.12
1648 silly packumentCache full:https://registry.npmjs.org/@esbuild%2flinux-x64 cache-miss
1649 silly fetch manifest @esbuild/sunos-x64@0.25.12
1650 silly packumentCache full:https://registry.npmjs.org/@esbuild%2fsunos-x64 cache-miss
1651 silly fetch manifest @esbuild/win32-x64@0.25.12
1652 silly packumentCache full:https://registry.npmjs.org/@esbuild%2fwin32-x64 cache-miss
1653 silly fetch manifest @esbuild/darwin-x64@0.25.12
1654 silly packumentCache full:https://registry.npmjs.org/@esbuild%2fdarwin-x64 cache-miss
1655 silly fetch manifest @esbuild/linux-ia32@0.25.12
1656 silly packumentCache full:https://registry.npmjs.org/@esbuild%2flinux-ia32 cache-miss
1657 silly fetch manifest @esbuild/netbsd-x64@0.25.12
1658 silly packumentCache full:https://registry.npmjs.org/@esbuild%2fnetbsd-x64 cache-miss
1659 silly fetch manifest @esbuild/win32-ia32@0.25.12
1660 silly packumentCache full:https://registry.npmjs.org/@esbuild%2fwin32-ia32 cache-miss
1661 silly fetch manifest @esbuild/android-arm@0.25.12
1662 silly packumentCache full:https://registry.npmjs.org/@esbuild%2fandroid-arm cache-miss
1663 silly fetch manifest @esbuild/android-x64@0.25.12
1664 silly packumentCache full:https://registry.npmjs.org/@esbuild%2fandroid-x64 cache-miss
1665 http fetch GET 200 https://registry.npmjs.org/@esbuild%2fnetbsd-x64 74ms (cache miss)
1666 silly packumentCache full:https://registry.npmjs.org/@esbuild%2fnetbsd-x64 set size:undefined disposed:false
1667 silly fetch manifest @esbuild/freebsd-x64@0.25.12
1668 silly packumentCache full:https://registry.npmjs.org/@esbuild%2ffreebsd-x64 cache-miss
1669 http fetch GET 200 https://registry.npmjs.org/@esbuild%2fandroid-x64 278ms (cache miss)
1670 silly packumentCache full:https://registry.npmjs.org/@esbuild%2fandroid-x64 set size:undefined disposed:false
1671 silly fetch manifest @esbuild/linux-arm64@0.25.12
1672 silly packumentCache full:https://registry.npmjs.org/@esbuild%2flinux-arm64 cache-miss
1673 http fetch GET 200 https://registry.npmjs.org/@esbuild%2fwin32-ia32 329ms (cache miss)
1674 silly packumentCache full:https://registry.npmjs.org/@esbuild%2fwin32-ia32 set size:undefined disposed:false
1675 silly fetch manifest @esbuild/linux-ppc64@0.25.12
1676 silly packumentCache full:https://registry.npmjs.org/@esbuild%2flinux-ppc64 cache-miss
1677 http fetch GET 200 https://registry.npmjs.org/@esbuild%2fsunos-x64 335ms (cache miss)
1678 silly packumentCache full:https://registry.npmjs.org/@esbuild%2fsunos-x64 set size:undefined disposed:false
1679 silly fetch manifest @esbuild/linux-s390x@0.25.12
1680 silly packumentCache full:https://registry.npmjs.org/@esbuild%2flinux-s390x cache-miss
1681 http fetch GET 200 https://registry.npmjs.org/@esbuild%2flinux-arm 342ms (cache miss)
1682 silly packumentCache full:https://registry.npmjs.org/@esbuild%2flinux-arm set size:undefined disposed:false
1683 silly fetch manifest @esbuild/openbsd-x64@0.25.12
1684 silly packumentCache full:https://registry.npmjs.org/@esbuild%2fopenbsd-x64 cache-miss
1685 http fetch GET 200 https://registry.npmjs.org/@esbuild%2flinux-ppc64 53ms (cache miss)
1686 silly packumentCache full:https://registry.npmjs.org/@esbuild%2flinux-ppc64 set size:undefined disposed:false
1687 silly fetch manifest @esbuild/win32-arm64@0.25.12
1688 silly packumentCache full:https://registry.npmjs.org/@esbuild%2fwin32-arm64 cache-miss
1689 http fetch GET 200 https://registry.npmjs.org/@esbuild%2faix-ppc64 486ms (cache miss)
1690 silly packumentCache full:https://registry.npmjs.org/@esbuild%2faix-ppc64 set size:undefined disposed:false
1691 silly fetch manifest @esbuild/darwin-arm64@0.25.12
1692 silly packumentCache full:https://registry.npmjs.org/@esbuild%2fdarwin-arm64 cache-miss
1693 http fetch GET 200 https://registry.npmjs.org/@esbuild%2fdarwin-x64 518ms (cache miss)
1694 silly packumentCache full:https://registry.npmjs.org/@esbuild%2fdarwin-x64 set size:undefined disposed:false
1695 silly fetch manifest @esbuild/netbsd-arm64@0.25.12
1696 silly packumentCache full:https://registry.npmjs.org/@esbuild%2fnetbsd-arm64 cache-miss
1697 http fetch GET 200 https://registry.npmjs.org/@esbuild%2fdarwin-arm64 51ms (cache miss)
1698 silly packumentCache full:https://registry.npmjs.org/@esbuild%2fdarwin-arm64 set size:undefined disposed:false
1699 silly fetch manifest @esbuild/android-arm64@0.25.12
1700 silly packumentCache full:https://registry.npmjs.org/@esbuild%2fandroid-arm64 cache-miss
1701 http fetch GET 200 https://registry.npmjs.org/@esbuild%2fandroid-arm 603ms (cache miss)
1702 silly packumentCache full:https://registry.npmjs.org/@esbuild%2fandroid-arm set size:undefined disposed:false
1703 silly fetch manifest @esbuild/freebsd-arm64@0.25.12
1704 silly packumentCache full:https://registry.npmjs.org/@esbuild%2ffreebsd-arm64 cache-miss
1705 http fetch GET 200 https://registry.npmjs.org/@esbuild%2ffreebsd-x64 549ms (cache miss)
1706 silly packumentCache full:https://registry.npmjs.org/@esbuild%2ffreebsd-x64 set size:undefined disposed:false
1707 silly fetch manifest @esbuild/linux-loong64@0.25.12
1708 silly packumentCache full:https://registry.npmjs.org/@esbuild%2flinux-loong64 cache-miss
1709 http fetch GET 200 https://registry.npmjs.org/@esbuild%2flinux-ia32 632ms (cache miss)
1710 silly packumentCache full:https://registry.npmjs.org/@esbuild%2flinux-ia32 set size:undefined disposed:false
1711 silly fetch manifest @esbuild/linux-riscv64@0.25.12
1712 silly packumentCache full:https://registry.npmjs.org/@esbuild%2flinux-riscv64 cache-miss
1713 http fetch GET 200 https://registry.npmjs.org/@esbuild%2fwin32-x64 683ms (cache miss)
1714 silly packumentCache full:https://registry.npmjs.org/@esbuild%2fwin32-x64 set size:undefined disposed:false
1715 silly fetch manifest @esbuild/openbsd-arm64@0.25.12
1716 silly packumentCache full:https://registry.npmjs.org/@esbuild%2fopenbsd-arm64 cache-miss
1717 http fetch GET 200 https://registry.npmjs.org/@esbuild%2flinux-x64 783ms (cache miss)
1718 silly packumentCache full:https://registry.npmjs.org/@esbuild%2flinux-x64 set size:undefined disposed:false
1719 silly fetch manifest @esbuild/linux-mips64el@0.25.12
1720 silly packumentCache full:https://registry.npmjs.org/@esbuild%2flinux-mips64el cache-miss
1721 http fetch GET 200 https://registry.npmjs.org/@esbuild%2fandroid-arm64 306ms (cache miss)
1722 silly packumentCache full:https://registry.npmjs.org/@esbuild%2fandroid-arm64 set size:undefined disposed:false
1723 silly fetch manifest @esbuild/openharmony-arm64@0.25.12
1724 silly packumentCache full:https://registry.npmjs.org/@esbuild%2fopenharmony-arm64 cache-miss
1725 http fetch GET 200 https://registry.npmjs.org/@esbuild%2flinux-mips64el 67ms (cache miss)
1726 silly packumentCache full:https://registry.npmjs.org/@esbuild%2flinux-mips64el set size:undefined disposed:false
1727 silly fetch manifest @rollup/rollup-darwin-x64@4.62.3
1728 silly packumentCache full:https://registry.npmjs.org/@rollup%2frollup-darwin-x64 cache-miss
1729 http fetch GET 200 https://registry.npmjs.org/@esbuild%2flinux-loong64 259ms (cache miss)
1730 silly packumentCache full:https://registry.npmjs.org/@esbuild%2flinux-loong64 set size:undefined disposed:false
1731 silly fetch manifest @rollup/rollup-freebsd-x64@4.62.3
1732 silly packumentCache full:https://registry.npmjs.org/@rollup%2frollup-freebsd-x64 cache-miss
1733 http fetch GET 200 https://registry.npmjs.org/@esbuild%2fwin32-arm64 528ms (cache miss)
1734 silly packumentCache full:https://registry.npmjs.org/@esbuild%2fwin32-arm64 set size:undefined disposed:false
1735 silly fetch manifest @rollup/rollup-openbsd-x64@4.62.3
1736 silly packumentCache full:https://registry.npmjs.org/@rollup%2frollup-openbsd-x64 cache-miss
1737 http fetch GET 200 https://registry.npmjs.org/@esbuild%2ffreebsd-arm64 326ms (cache miss)
1738 silly packumentCache full:https://registry.npmjs.org/@esbuild%2ffreebsd-arm64 set size:undefined disposed:false
1739 silly fetch manifest @rollup/rollup-darwin-arm64@4.62.3
1740 silly packumentCache full:https://registry.npmjs.org/@rollup%2frollup-darwin-arm64 cache-miss
1741 http fetch GET 200 https://registry.npmjs.org/@esbuild%2fopenbsd-x64 610ms (cache miss)
1742 silly packumentCache full:https://registry.npmjs.org/@esbuild%2fopenbsd-x64 set size:undefined disposed:false
1743 silly fetch manifest @rollup/rollup-android-arm64@4.62.3
1744 silly packumentCache full:https://registry.npmjs.org/@rollup%2frollup-android-arm64 cache-miss
1745 http fetch GET 200 https://registry.npmjs.org/@esbuild%2flinux-s390x 623ms (cache miss)
1746 silly packumentCache full:https://registry.npmjs.org/@esbuild%2flinux-s390x set size:undefined disposed:false
1747 silly fetch manifest @rollup/rollup-freebsd-arm64@4.62.3
1748 silly packumentCache full:https://registry.npmjs.org/@rollup%2frollup-freebsd-arm64 cache-miss
1749 http fetch GET 200 https://registry.npmjs.org/@esbuild%2fopenbsd-arm64 329ms (cache miss)
1750 silly packumentCache full:https://registry.npmjs.org/@esbuild%2fopenbsd-arm64 set size:undefined disposed:false
1751 silly fetch manifest @rollup/rollup-linux-x64-gnu@4.62.3
1752 silly packumentCache full:https://registry.npmjs.org/@rollup%2frollup-linux-x64-gnu cache-miss
1753 http fetch GET 200 https://registry.npmjs.org/@esbuild%2fnetbsd-arm64 507ms (cache miss)
1754 silly packumentCache full:https://registry.npmjs.org/@esbuild%2fnetbsd-arm64 set size:undefined disposed:false
1755 silly fetch manifest @rollup/rollup-win32-x64-gnu@4.62.3
1756 silly packumentCache full:https://registry.npmjs.org/@rollup%2frollup-win32-x64-gnu cache-miss
1757 http fetch GET 200 https://registry.npmjs.org/@rollup%2frollup-darwin-x64 343ms (cache miss)
1758 silly packumentCache full:https://registry.npmjs.org/@rollup%2frollup-darwin-x64 set size:undefined disposed:false
1759 silly fetch manifest @rollup/rollup-linux-x64-musl@4.62.3
1760 silly packumentCache full:https://registry.npmjs.org/@rollup%2frollup-linux-x64-musl cache-miss
1761 http fetch GET 200 https://registry.npmjs.org/@esbuild%2flinux-arm64 950ms (cache miss)
1762 silly packumentCache full:https://registry.npmjs.org/@esbuild%2flinux-arm64 set size:undefined disposed:false
1763 silly fetch manifest @rollup/rollup-win32-x64-msvc@4.62.3
1764 silly packumentCache full:https://registry.npmjs.org/@rollup%2frollup-win32-x64-msvc cache-miss
1765 http fetch GET 200 https://registry.npmjs.org/@rollup%2frollup-freebsd-arm64 293ms (cache miss)
1766 silly packumentCache full:https://registry.npmjs.org/@rollup%2frollup-freebsd-arm64 set size:undefined disposed:false
1767 silly fetch manifest @rollup/rollup-linux-arm64-gnu@4.62.3
1768 silly packumentCache full:https://registry.npmjs.org/@rollup%2frollup-linux-arm64-gnu cache-miss
1769 http fetch GET 200 https://registry.npmjs.org/@rollup%2frollup-darwin-arm64 329ms (cache miss)
1770 silly packumentCache full:https://registry.npmjs.org/@rollup%2frollup-darwin-arm64 set size:undefined disposed:false
1771 silly fetch manifest @rollup/rollup-linux-ppc64-gnu@4.62.3
1772 silly packumentCache full:https://registry.npmjs.org/@rollup%2frollup-linux-ppc64-gnu cache-miss
1773 http fetch GET 200 https://registry.npmjs.org/@rollup%2frollup-android-arm64 334ms (cache miss)
1774 silly packumentCache full:https://registry.npmjs.org/@rollup%2frollup-android-arm64 set size:undefined disposed:false
1775 silly fetch manifest @rollup/rollup-linux-s390x-gnu@4.62.3
1776 silly packumentCache full:https://registry.npmjs.org/@rollup%2frollup-linux-s390x-gnu cache-miss
1777 http fetch GET 200 https://registry.npmjs.org/@esbuild%2fopenharmony-arm64 554ms (cache miss)
1778 silly packumentCache full:https://registry.npmjs.org/@esbuild%2fopenharmony-arm64 set size:undefined disposed:false
1779 silly fetch manifest @rollup/rollup-win32-ia32-msvc@4.62.3
1780 silly packumentCache full:https://registry.npmjs.org/@rollup%2frollup-win32-ia32-msvc cache-miss
1781 http fetch GET 200 https://registry.npmjs.org/@rollup%2frollup-freebsd-x64 571ms (cache miss)
1782 silly packumentCache full:https://registry.npmjs.org/@rollup%2frollup-freebsd-x64 set size:undefined disposed:false
1783 silly fetch manifest @rollup/rollup-android-arm-eabi@4.62.3
1784 silly packumentCache full:https://registry.npmjs.org/@rollup%2frollup-android-arm-eabi cache-miss
1785 http fetch GET 200 https://registry.npmjs.org/@esbuild%2flinux-riscv64 871ms (cache miss)
1786 silly packumentCache full:https://registry.npmjs.org/@esbuild%2flinux-riscv64 set size:undefined disposed:false
1787 silly fetch manifest @rollup/rollup-linux-arm64-musl@4.62.3
1788 silly packumentCache full:https://registry.npmjs.org/@rollup%2frollup-linux-arm64-musl cache-miss
1789 http fetch GET 200 https://registry.npmjs.org/@rollup%2frollup-linux-x64-gnu 514ms (cache miss)
1790 silly packumentCache full:https://registry.npmjs.org/@rollup%2frollup-linux-x64-gnu set size:undefined disposed:false
1791 silly fetch manifest @rollup/rollup-linux-ppc64-musl@4.62.3
1792 silly packumentCache full:https://registry.npmjs.org/@rollup%2frollup-linux-ppc64-musl cache-miss
1793 http fetch GET 200 https://registry.npmjs.org/@rollup%2frollup-win32-x64-msvc 331ms (cache miss)
1794 silly packumentCache full:https://registry.npmjs.org/@rollup%2frollup-win32-x64-msvc set size:undefined disposed:false
1795 silly fetch manifest @rollup/rollup-win32-arm64-msvc@4.62.3
1796 silly packumentCache full:https://registry.npmjs.org/@rollup%2frollup-win32-arm64-msvc cache-miss
1797 http fetch GET 200 https://registry.npmjs.org/@rollup%2frollup-win32-x64-gnu 566ms (cache miss)
1798 silly packumentCache full:https://registry.npmjs.org/@rollup%2frollup-win32-x64-gnu set size:undefined disposed:false
1799 silly fetch manifest @rollup/rollup-linux-loong64-gnu@4.62.3
1800 silly packumentCache full:https://registry.npmjs.org/@rollup%2frollup-linux-loong64-gnu cache-miss
1801 http fetch GET 200 https://registry.npmjs.org/@rollup%2frollup-openbsd-x64 853ms (cache miss)
1802 silly packumentCache full:https://registry.npmjs.org/@rollup%2frollup-openbsd-x64 set size:undefined disposed:false
1803 silly fetch manifest @rollup/rollup-linux-riscv64-gnu@4.62.3
1804 silly packumentCache full:https://registry.npmjs.org/@rollup%2frollup-linux-riscv64-gnu cache-miss
1805 http fetch GET 200 https://registry.npmjs.org/@rollup%2frollup-linux-ppc64-gnu 567ms (cache miss)
1806 silly packumentCache full:https://registry.npmjs.org/@rollup%2frollup-linux-ppc64-gnu set size:undefined disposed:false
1807 silly fetch manifest @rollup/rollup-openharmony-arm64@4.62.3
1808 silly packumentCache full:https://registry.npmjs.org/@rollup%2frollup-openharmony-arm64 cache-miss
1809 http fetch GET 200 https://registry.npmjs.org/@rollup%2frollup-linux-arm64-gnu 580ms (cache miss)
1810 silly packumentCache full:https://registry.npmjs.org/@rollup%2frollup-linux-arm64-gnu set size:undefined disposed:false
1811 silly fetch manifest @rollup/rollup-linux-loong64-musl@4.62.3
1812 silly packumentCache full:https://registry.npmjs.org/@rollup%2frollup-linux-loong64-musl cache-miss
1813 http fetch GET 200 https://registry.npmjs.org/@rollup%2frollup-linux-s390x-gnu 564ms (cache miss)
1814 silly packumentCache full:https://registry.npmjs.org/@rollup%2frollup-linux-s390x-gnu set size:undefined disposed:false
1815 silly fetch manifest @rollup/rollup-linux-riscv64-musl@4.62.3
1816 silly packumentCache full:https://registry.npmjs.org/@rollup%2frollup-linux-riscv64-musl cache-miss
1817 http fetch GET 200 https://registry.npmjs.org/@rollup%2frollup-linux-loong64-gnu 274ms (cache miss)
1818 silly packumentCache full:https://registry.npmjs.org/@rollup%2frollup-linux-loong64-gnu set size:undefined disposed:false
1819 silly fetch manifest @rollup/rollup-linux-arm-gnueabihf@4.62.3
1820 silly packumentCache full:https://registry.npmjs.org/@rollup%2frollup-linux-arm-gnueabihf cache-miss
1821 http fetch GET 200 https://registry.npmjs.org/@rollup%2frollup-win32-arm64-msvc 310ms (cache miss)
1822 silly packumentCache full:https://registry.npmjs.org/@rollup%2frollup-win32-arm64-msvc set size:undefined disposed:false
1823 silly fetch manifest @rollup/rollup-linux-arm-musleabihf@4.62.3
1824 silly packumentCache full:https://registry.npmjs.org/@rollup%2frollup-linux-arm-musleabihf cache-miss
1825 http fetch GET 200 https://registry.npmjs.org/@rollup%2frollup-win32-ia32-msvc 599ms (cache miss)
1826 silly packumentCache full:https://registry.npmjs.org/@rollup%2frollup-win32-ia32-msvc set size:undefined disposed:false
1827 http fetch GET 200 https://registry.npmjs.org/@rollup%2frollup-linux-arm64-musl 552ms (cache miss)
1828 silly packumentCache full:https://registry.npmjs.org/@rollup%2frollup-linux-arm64-musl set size:undefined disposed:false
1829 http fetch GET 200 https://registry.npmjs.org/@rollup%2frollup-android-arm-eabi 602ms (cache miss)
1830 silly packumentCache full:https://registry.npmjs.org/@rollup%2frollup-android-arm-eabi set size:undefined disposed:false
1831 http fetch GET 200 https://registry.npmjs.org/@rollup%2frollup-linux-loong64-musl 293ms (cache miss)
1832 silly packumentCache full:https://registry.npmjs.org/@rollup%2frollup-linux-loong64-musl set size:undefined disposed:false
1833 http fetch GET 200 https://registry.npmjs.org/@rollup%2frollup-linux-ppc64-musl 608ms (cache miss)
1834 silly packumentCache full:https://registry.npmjs.org/@rollup%2frollup-linux-ppc64-musl set size:undefined disposed:false
1835 http fetch GET 200 https://registry.npmjs.org/@rollup%2frollup-linux-arm-gnueabihf 312ms (cache miss)
1836 silly packumentCache full:https://registry.npmjs.org/@rollup%2frollup-linux-arm-gnueabihf set size:undefined disposed:false
1837 http fetch GET 200 https://registry.npmjs.org/@rollup%2frollup-linux-arm-musleabihf 336ms (cache miss)
1838 silly packumentCache full:https://registry.npmjs.org/@rollup%2frollup-linux-arm-musleabihf set size:undefined disposed:false
1839 http fetch GET 200 https://registry.npmjs.org/@rollup%2frollup-linux-x64-musl 1086ms (cache miss)
1840 silly packumentCache full:https://registry.npmjs.org/@rollup%2frollup-linux-x64-musl set size:undefined disposed:false
1841 http fetch GET 200 https://registry.npmjs.org/@rollup%2frollup-openharmony-arm64 538ms (cache miss)
1842 silly packumentCache full:https://registry.npmjs.org/@rollup%2frollup-openharmony-arm64 set size:undefined disposed:false
1843 http fetch GET 200 https://registry.npmjs.org/@rollup%2frollup-linux-riscv64-musl 578ms (cache miss)
1844 silly packumentCache full:https://registry.npmjs.org/@rollup%2frollup-linux-riscv64-musl set size:undefined disposed:false
1845 http fetch GET 200 https://registry.npmjs.org/@rollup%2frollup-linux-riscv64-gnu 1338ms (cache miss)
1846 silly packumentCache full:https://registry.npmjs.org/@rollup%2frollup-linux-riscv64-gnu set size:undefined disposed:false
1847 silly placeDep ROOT @esbuild/aix-ppc64@0.25.12 OK for: esbuild@0.25.12 want: 0.25.12
1848 silly placeDep ROOT @esbuild/android-arm@0.25.12 OK for: esbuild@0.25.12 want: 0.25.12
1849 silly placeDep ROOT @esbuild/android-arm64@0.25.12 OK for: esbuild@0.25.12 want: 0.25.12
1850 silly placeDep ROOT @esbuild/android-x64@0.25.12 OK for: esbuild@0.25.12 want: 0.25.12
1851 silly placeDep ROOT @esbuild/darwin-arm64@0.25.12 OK for: esbuild@0.25.12 want: 0.25.12
1852 silly placeDep ROOT @esbuild/darwin-x64@0.25.12 OK for: esbuild@0.25.12 want: 0.25.12
1853 silly placeDep ROOT @esbuild/freebsd-arm64@0.25.12 OK for: esbuild@0.25.12 want: 0.25.12
1854 silly placeDep ROOT @esbuild/freebsd-x64@0.25.12 OK for: esbuild@0.25.12 want: 0.25.12
1855 silly placeDep ROOT @esbuild/linux-arm@0.25.12 OK for: esbuild@0.25.12 want: 0.25.12
1856 silly placeDep ROOT @esbuild/linux-arm64@0.25.12 OK for: esbuild@0.25.12 want: 0.25.12
1857 silly placeDep ROOT @esbuild/linux-ia32@0.25.12 OK for: esbuild@0.25.12 want: 0.25.12
1858 silly placeDep ROOT @esbuild/linux-loong64@0.25.12 OK for: esbuild@0.25.12 want: 0.25.12
1859 silly placeDep ROOT @esbuild/linux-mips64el@0.25.12 OK for: esbuild@0.25.12 want: 0.25.12
1860 silly placeDep ROOT @esbuild/linux-ppc64@0.25.12 OK for: esbuild@0.25.12 want: 0.25.12
1861 silly placeDep ROOT @esbuild/linux-riscv64@0.25.12 OK for: esbuild@0.25.12 want: 0.25.12
1862 silly placeDep ROOT @esbuild/linux-s390x@0.25.12 OK for: esbuild@0.25.12 want: 0.25.12
1863 silly placeDep ROOT @esbuild/linux-x64@0.25.12 OK for: esbuild@0.25.12 want: 0.25.12
1864 silly placeDep ROOT @esbuild/netbsd-arm64@0.25.12 OK for: esbuild@0.25.12 want: 0.25.12
1865 silly placeDep ROOT @esbuild/netbsd-x64@0.25.12 OK for: esbuild@0.25.12 want: 0.25.12
1866 silly placeDep ROOT @esbuild/openbsd-arm64@0.25.12 OK for: esbuild@0.25.12 want: 0.25.12
1867 silly placeDep ROOT @esbuild/openbsd-x64@0.25.12 OK for: esbuild@0.25.12 want: 0.25.12
1868 silly placeDep ROOT @esbuild/openharmony-arm64@0.25.12 OK for: esbuild@0.25.12 want: 0.25.12
1869 silly placeDep ROOT @esbuild/sunos-x64@0.25.12 OK for: esbuild@0.25.12 want: 0.25.12
1870 silly placeDep ROOT @esbuild/win32-arm64@0.25.12 OK for: esbuild@0.25.12 want: 0.25.12
1871 silly placeDep ROOT @esbuild/win32-ia32@0.25.12 OK for: esbuild@0.25.12 want: 0.25.12
1872 silly placeDep ROOT @esbuild/win32-x64@0.25.12 OK for: esbuild@0.25.12 want: 0.25.12
1873 silly placeDep ROOT @rollup/rollup-android-arm-eabi@4.62.3 OK for: rollup@4.62.3 want: 4.62.3
1874 silly placeDep ROOT @rollup/rollup-android-arm64@4.62.3 OK for: rollup@4.62.3 want: 4.62.3
1875 silly placeDep ROOT @rollup/rollup-darwin-arm64@4.62.3 OK for: rollup@4.62.3 want: 4.62.3
1876 silly placeDep ROOT @rollup/rollup-darwin-x64@4.62.3 OK for: rollup@4.62.3 want: 4.62.3
1877 silly placeDep ROOT @rollup/rollup-freebsd-arm64@4.62.3 OK for: rollup@4.62.3 want: 4.62.3
1878 silly placeDep ROOT @rollup/rollup-freebsd-x64@4.62.3 OK for: rollup@4.62.3 want: 4.62.3
1879 silly placeDep ROOT @rollup/rollup-linux-arm-gnueabihf@4.62.3 OK for: rollup@4.62.3 want: 4.62.3
1880 silly placeDep ROOT @rollup/rollup-linux-arm-musleabihf@4.62.3 OK for: rollup@4.62.3 want: 4.62.3
1881 silly placeDep ROOT @rollup/rollup-linux-arm64-gnu@4.62.3 OK for: rollup@4.62.3 want: 4.62.3
1882 silly placeDep ROOT @rollup/rollup-linux-arm64-musl@4.62.3 OK for: rollup@4.62.3 want: 4.62.3
1883 silly placeDep ROOT @rollup/rollup-linux-loong64-gnu@4.62.3 OK for: rollup@4.62.3 want: 4.62.3
1884 silly placeDep ROOT @rollup/rollup-linux-loong64-musl@4.62.3 OK for: rollup@4.62.3 want: 4.62.3
1885 silly placeDep ROOT @rollup/rollup-linux-ppc64-gnu@4.62.3 OK for: rollup@4.62.3 want: 4.62.3
1886 silly placeDep ROOT @rollup/rollup-linux-ppc64-musl@4.62.3 OK for: rollup@4.62.3 want: 4.62.3
1887 silly placeDep ROOT @rollup/rollup-linux-riscv64-gnu@4.62.3 OK for: rollup@4.62.3 want: 4.62.3
1888 silly placeDep ROOT @rollup/rollup-linux-riscv64-musl@4.62.3 OK for: rollup@4.62.3 want: 4.62.3
1889 silly placeDep ROOT @rollup/rollup-linux-s390x-gnu@4.62.3 OK for: rollup@4.62.3 want: 4.62.3
1890 silly placeDep ROOT @rollup/rollup-linux-x64-gnu@4.62.3 OK for: rollup@4.62.3 want: 4.62.3
1891 silly placeDep ROOT @rollup/rollup-linux-x64-musl@4.62.3 OK for: rollup@4.62.3 want: 4.62.3
1892 silly placeDep ROOT @rollup/rollup-openbsd-x64@4.62.3 OK for: rollup@4.62.3 want: 4.62.3
1893 silly placeDep ROOT @rollup/rollup-openharmony-arm64@4.62.3 OK for: rollup@4.62.3 want: 4.62.3
1894 silly placeDep ROOT @rollup/rollup-win32-arm64-msvc@4.62.3 OK for: rollup@4.62.3 want: 4.62.3
1895 silly placeDep ROOT @rollup/rollup-win32-ia32-msvc@4.62.3 OK for: rollup@4.62.3 want: 4.62.3
1896 silly placeDep ROOT @rollup/rollup-win32-x64-gnu@4.62.3 OK for: rollup@4.62.3 want: 4.62.3
1897 silly placeDep ROOT @rollup/rollup-win32-x64-msvc@4.62.3 OK for: rollup@4.62.3 want: 4.62.3
1898 silly placeDep ROOT isexe@2.0.0 OK for: which@2.0.2 want: ^2.0.0
1899 silly reify moves {}
1900 silly audit bulk request {
1900 silly audit   '@eslint/js': [ '9.39.5' ],
1900 silly audit   '@hookform/resolvers': [ '3.10.0' ],
1900 silly audit   'react-hook-form': [ '7.83.0' ],
1900 silly audit   react: [ '18.3.1' ],
1900 silly audit   '@types/react': [ '18.3.31' ],
1900 silly audit   '@types/react-dom': [ '18.3.7' ],
1900 silly audit   '@vitejs/plugin-react': [ '4.7.0' ],
1900 silly audit   vite: [ '6.4.3' ],
1900 silly audit   autoprefixer: [ '10.5.4' ],
1900 silly audit   postcss: [ '8.5.23' ],
1900 silly audit   axios: [ '1.18.1' ],
1900 silly audit   eslint: [ '9.39.5' ],
1900 silly audit   'eslint-plugin-react-hooks': [ '5.2.0' ],
1900 silly audit   'eslint-plugin-react-refresh': [ '0.4.26' ],
1900 silly audit   globals: [ '15.15.0', '14.0.0' ],
1900 silly audit   'lucide-react': [ '0.468.0' ],
1900 silly audit   prettier: [ '3.9.6' ],
1900 silly audit   'react-dom': [ '18.3.1' ],
1900 silly audit   'react-hot-toast': [ '2.6.0' ],
1900 silly audit   'react-router-dom': [ '7.18.1' ],
1900 silly audit   recharts: [ '2.15.4' ],
1900 silly audit   tailwindcss: [ '3.4.19' ],
1900 silly audit   '@types/prop-types': [ '15.7.15' ],
1900 silly audit   csstype: [ '3.2.3' ],
1900 silly audit   '@babel/core': [ '7.29.7' ],
1900 silly audit   '@babel/plugin-transform-react-jsx-self': [ '7.29.7' ],
1900 silly audit   '@babel/plugin-transform-react-jsx-source': [ '7.29.7' ],
1900 silly audit   '@rolldown/pluginutils': [ '1.0.0-beta.27' ],
1900 silly audit   '@types/babel__core': [ '7.20.5' ],
1900 silly audit   'react-refresh': [ '0.17.0' ],
1900 silly audit   '@babel/code-frame': [ '7.29.7' ],
1900 silly audit   '@babel/generator': [ '7.29.7' ],
1900 silly audit   '@babel/helper-compilation-targets': [ '7.29.7' ],
1900 silly audit   '@babel/helper-module-transforms': [ '7.29.7' ],
1900 silly audit   '@babel/helpers': [ '7.29.7' ],
1900 silly audit   '@babel/parser': [ '7.29.7' ],
1900 silly audit   '@babel/template': [ '7.29.7' ],
1900 silly audit   '@babel/traverse': [ '7.29.7' ],
1900 silly audit   '@babel/types': [ '7.29.7' ],
1900 silly audit   '@jridgewell/remapping': [ '2.3.5' ],
1900 silly audit   'convert-source-map': [ '2.0.0' ],
1900 silly audit   debug: [ '4.4.3' ],
1900 silly audit   gensync: [ '1.0.0-beta.2' ],
1900 silly audit   json5: [ '2.2.3' ],
1900 silly audit   semver: [ '6.3.1' ],
1900 silly audit   '@babel/helper-validator-identifier': [ '7.29.7' ],
1900 silly audit   'js-tokens': [ '4.0.0' ],
1900 silly audit   picocolors: [ '1.1.1' ],
1900 silly audit   '@jridgewell/gen-mapping': [ '0.3.13' ],
1900 silly audit   '@jridgewell/trace-mapping': [ '0.3.31' ],
1900 silly audit   jsesc: [ '3.1.0' ],
1900 silly audit   '@babel/compat-data': [ '7.29.7' ],
1900 silly audit   '@babel/helper-validator-option': [ '7.29.7' ],
1900 silly audit   browserslist: [ '4.28.7' ],
1900 silly audit   'lru-cache': [ '5.1.1' ],
1900 silly audit   '@babel/helper-module-imports': [ '7.29.7' ],
1900 silly audit   '@babel/helper-plugin-utils': [ '7.29.7' ],
1900 silly audit   '@babel/helper-globals': [ '7.29.7' ],
1900 silly audit   '@babel/helper-string-parser': [ '7.29.7' ],
1900 silly audit   '@jridgewell/sourcemap-codec': [ '1.5.5' ],
1900 silly audit   '@jridgewell/resolve-uri': [ '3.1.2' ],
1900 silly audit   '@types/babel__generator': [ '7.27.0' ],
1900 silly audit   '@types/babel__template': [ '7.4.4' ],
1900 silly audit   '@types/babel__traverse': [ '7.28.0' ],
1900 silly audit   'caniuse-lite': [ '1.0.30001806' ],
1900 silly audit   'fraction.js': [ '5.3.4' ],
1900 silly audit   'postcss-value-parser': [ '4.2.0' ],
1900 silly audit   'follow-redirects': [ '1.16.0' ],
1900 silly audit   'form-data': [ '4.0.6' ],
1900 silly audit   'https-proxy-agent': [ '5.0.1' ],
1900 silly audit   'proxy-from-env': [ '2.1.0' ],
1900 silly audit   'baseline-browser-mapping': [ '2.11.4' ],
1900 silly audit   'electron-to-chromium': [ '1.5.396' ],
1900 silly audit   'node-releases': [ '2.0.51' ],
1900 silly audit   'update-browserslist-db': [ '1.2.3' ],
1900 silly audit   ms: [ '2.1.3' ],
1900 silly audit   '@eslint-community/eslint-utils': [ '4.10.1' ],
1900 silly audit   '@eslint-community/regexpp': [ '4.12.2' ],
1900 silly audit   '@eslint/config-array': [ '0.21.2' ],
1900 silly audit   '@eslint/config-helpers': [ '0.4.2' ],
1900 silly audit   '@eslint/core': [ '0.17.0' ],
1900 silly audit   '@eslint/eslintrc': [ '3.3.6' ],
1900 silly audit   '@eslint/plugin-kit': [ '0.4.1' ],
1900 silly audit   '@humanfs/node': [ '0.16.8' ],
1900 silly audit   '@humanwhocodes/module-importer': [ '1.0.1' ],
1900 silly audit   '@humanwhocodes/retry': [ '0.4.3' ],
1900 silly audit   '@types/estree': [ '1.0.9' ],
1900 silly audit   ajv: [ '6.15.0' ],
1900 silly audit   chalk: [ '4.1.2' ],
1900 silly audit   'cross-spawn': [ '7.0.6' ],
1900 silly audit   'escape-string-regexp': [ '4.0.0' ],
1900 silly audit   'eslint-scope': [ '8.4.0' ],
1900 silly audit   'eslint-visitor-keys': [ '4.2.1', '3.4.3' ],
1900 silly audit   espree: [ '10.4.0' ],
1900 silly audit   esquery: [ '1.7.0' ],
1900 silly audit   esutils: [ '2.0.3' ],
1900 silly audit   'fast-deep-equal': [ '3.1.3' ],
1900 silly audit   'file-entry-cache': [ '8.0.0' ],
1900 silly audit   'find-up': [ '5.0.0' ],
1900 silly audit   'glob-parent': [ '6.0.2', '5.1.2' ],
1900 silly audit   ignore: [ '5.3.2' ],
1900 silly audit   imurmurhash: [ '0.1.4' ],
1900 silly audit   'is-glob': [ '4.0.3' ],
1900 silly audit   'json-stable-stringify-without-jsonify': [ '1.0.1' ],
1900 silly audit   'lodash.merge': [ '4.6.2' ],
1900 silly audit   minimatch: [ '3.1.5' ],
1900 silly audit   'natural-compare': [ '1.4.0' ],
1900 silly audit   optionator: [ '0.9.4' ],
1900 silly audit   '@eslint/object-schema': [ '2.1.7' ],
1900 silly audit   '@types/json-schema': [ '7.0.15' ],
1900 silly audit   'import-fresh': [ '3.3.1' ],
1900 silly audit   'js-yaml': [ '4.3.0' ],
1900 silly audit   'strip-json-comments': [ '3.1.1' ],
1900 silly audit   levn: [ '0.4.1' ],
1900 silly audit   '@humanfs/core': [ '0.19.2' ],
1900 silly audit   '@humanfs/types': [ '0.15.0' ],
1900 silly audit   'fast-json-stable-stringify': [ '2.1.0' ],
1900 silly audit   'json-schema-traverse': [ '0.4.1' ],
1900 silly audit   'uri-js': [ '4.4.1' ],
1900 silly audit   'ansi-styles': [ '4.3.0' ],
1900 silly audit   'supports-color': [ '7.2.0' ],
1900 silly audit   'color-convert': [ '2.0.1' ],
1900 silly audit   'color-name': [ '1.1.4' ],
1900 silly audit   'path-key': [ '3.1.1' ],
1900 silly audit   'shebang-command': [ '2.0.0' ],
1900 silly audit   which: [ '2.0.2' ],
1900 silly audit   esrecurse: [ '4.3.0' ],
1900 silly audit   estraverse: [ '5.3.0' ],
1900 silly audit   acorn: [ '8.17.0' ],
1900 silly audit   'acorn-jsx': [ '5.3.2' ],
1900 silly audit   'flat-cache': [ '4.0.1' ],
1900 silly audit   'locate-path': [ '6.0.0' ],
1900 silly audit   'path-exists': [ '4.0.0' ],
1900 silly audit   flatted: [ '3.4.3' ],
1900 silly audit   keyv: [ '4.5.4' ],
1900 silly audit   asynckit: [ '0.4.0' ],
1900 silly audit   'combined-stream': [ '1.0.8' ],
1900 silly audit   'es-set-tostringtag': [ '2.1.0' ],
1900 silly audit   hasown: [ '2.0.4' ],
1900 silly audit   'mime-types': [ '2.1.35' ],
1900 silly audit   'delayed-stream': [ '1.0.0' ],
1900 silly audit   'es-errors': [ '1.3.0' ],
1900 silly audit   'get-intrinsic': [ '1.3.0' ],
1900 silly audit   'has-tostringtag': [ '1.0.2' ],
1900 silly audit   'call-bind-apply-helpers': [ '1.0.2' ],
1900 silly audit   'es-define-property': [ '1.0.1' ],
1900 silly audit   'es-object-atoms': [ '1.1.2' ],
1900 silly audit   'function-bind': [ '1.1.2' ],
1900 silly audit   'get-proto': [ '1.0.1' ],
1900 silly audit   gopd: [ '1.2.0' ],
1900 silly audit   'has-symbols': [ '1.1.0' ],
1900 silly audit   'math-intrinsics': [ '1.1.0' ],
1900 silly audit   'dunder-proto': [ '1.0.1' ],
1900 silly audit   'agent-base': [ '6.0.2' ],
1900 silly audit   'parent-module': [ '1.0.1' ],
1900 silly audit   'resolve-from': [ '4.0.0' ],
1900 silly audit   'is-extglob': [ '2.1.1' ],
1900 silly audit   argparse: [ '2.0.1' ],
1900 silly audit   'json-buffer': [ '3.0.1' ],
1900 silly audit   'prelude-ls': [ '1.2.1' ],
1900 silly audit   'type-check': [ '0.4.0' ],
1900 silly audit   'p-locate': [ '5.0.0' ],
1900 silly audit   yallist: [ '3.1.1' ],
1900 silly audit   'mime-db': [ '1.52.0' ],
1900 silly audit   'brace-expansion': [ '1.1.16' ],
1900 silly audit   'balanced-match': [ '1.0.2' ],
1900 silly audit   'concat-map': [ '0.0.1' ],
1900 silly audit   'deep-is': [ '0.1.4' ],
1900 silly audit   'fast-levenshtein': [ '2.0.6' ],
1900 silly audit   'word-wrap': [ '1.2.5' ],
1900 silly audit   'p-limit': [ '3.1.0' ],
1900 silly audit   'yocto-queue': [ '0.1.0' ],
1900 silly audit   callsites: [ '3.1.0' ],
1900 silly audit   nanoid: [ '3.3.16' ],
1900 silly audit   'source-map-js': [ '1.2.1' ],
1900 silly audit   'loose-envify': [ '1.4.0' ],
1900 silly audit   scheduler: [ '0.23.2' ],
1900 silly audit   goober: [ '2.1.19' ],
1900 silly audit   'react-router': [ '7.18.1' ],
1900 silly audit   cookie: [ '1.1.1' ],
1900 silly audit   'set-cookie-parser': [ '2.7.2' ],
1900 silly audit   clsx: [ '2.1.1' ],
1900 silly audit   eventemitter3: [ '4.0.7' ],
1900 silly audit   lodash: [ '4.18.1' ],
1900 silly audit   'react-is': [ '18.3.1', '16.13.1' ],
1900 silly audit   'react-smooth': [ '4.0.4' ],
1900 silly audit   'recharts-scale': [ '0.4.5' ],
1900 silly audit   'tiny-invariant': [ '1.3.3' ],
1900 silly audit   'victory-vendor': [ '36.9.2' ],
1900 silly audit   'fast-equals': [ '5.4.1' ],
1900 silly audit   'prop-types': [ '15.8.1' ],
1900 silly audit   'react-transition-group': [ '4.4.5' ],
1900 silly audit   'object-assign': [ '4.1.1' ],
1900 silly audit   '@babel/runtime': [ '7.29.7' ],
1900 silly audit   'dom-helpers': [ '5.2.1' ],
1900 silly audit   'decimal.js-light': [ '2.5.1' ],
1900 silly audit   'shebang-regex': [ '3.0.0' ],
1900 silly audit   'has-flag': [ '4.0.0' ],
1900 silly audit   '@alloc/quick-lru': [ '5.2.0' ],
1900 silly audit   arg: [ '5.0.2' ],
1900 silly audit   chokidar: [ '3.6.0' ],
1900 silly audit   didyoumean: [ '1.2.2' ],
1900 silly audit   dlv: [ '1.1.3' ],
1900 silly audit   'fast-glob': [ '3.3.3' ],
1900 silly audit   jiti: [ '1.21.7' ],
1900 silly audit   lilconfig: [ '3.1.3' ],
1900 silly audit   micromatch: [ '4.0.8' ],
1900 silly audit   'normalize-path': [ '3.0.0' ],
1900 silly audit   'object-hash': [ '3.0.0' ],
1900 silly audit   'postcss-import': [ '15.1.0' ],
1900 silly audit   'postcss-js': [ '4.1.0' ],
1900 silly audit   'postcss-load-config': [ '6.0.1' ],
1900 silly audit   'postcss-nested': [ '6.2.0' ],
1900 silly audit   'postcss-selector-parser': [ '6.1.4' ],
1900 silly audit   resolve: [ '1.22.12' ],
1900 silly audit   sucrase: [ '3.35.1' ],
1900 silly audit   anymatch: [ '3.1.3' ],
1900 silly audit   braces: [ '3.0.3' ],
1900 silly audit   fsevents: [ '2.3.3' ],
1900 silly audit   'is-binary-path': [ '2.1.0' ],
1900 silly audit   readdirp: [ '3.6.0' ],
1900 silly audit   picomatch: [ '2.3.2', '4.0.5' ],
1900 silly audit   'fill-range': [ '7.1.1' ],
1900 silly audit   '@nodelib/fs.stat': [ '2.0.5' ],
1900 silly audit   '@nodelib/fs.walk': [ '1.2.8' ],
1900 silly audit   merge2: [ '1.4.1' ],
1900 silly audit   '@nodelib/fs.scandir': [ '2.1.5' ],
1900 silly audit   fastq: [ '1.20.1' ],
1900 silly audit   'run-parallel': [ '1.2.0' ],
1900 silly audit   reusify: [ '1.1.0' ],
1900 silly audit   'to-regex-range': [ '5.0.1' ],
1900 silly audit   'binary-extensions': [ '2.3.0' ],
1900 silly audit   'read-cache': [ '1.0.0' ],
1900 silly audit   'camelcase-css': [ '2.0.1' ],
1900 silly audit   cssesc: [ '3.0.0' ],
1900 silly audit   'util-deprecate': [ '1.0.2' ],
1900 silly audit   pify: [ '2.3.0' ],
1900 silly audit   'is-core-module': [ '2.16.2' ],
1900 silly audit   'path-parse': [ '1.0.7' ],
1900 silly audit   'supports-preserve-symlinks-flag': [ '1.0.0' ],
1900 silly audit   'queue-microtask': [ '1.2.3' ],
1900 silly audit   commander: [ '4.1.1' ],
1900 silly audit   'lines-and-columns': [ '1.2.4' ],
1900 silly audit   mz: [ '2.7.0' ],
1900 silly audit   pirates: [ '4.0.7' ],
1900 silly audit   tinyglobby: [ '0.2.17' ],
1900 silly audit   'ts-interface-checker': [ '0.1.13' ],
1900 silly audit   'any-promise': [ '1.3.0' ],
1900 silly audit   'thenify-all': [ '1.6.0' ],
1900 silly audit   thenify: [ '3.3.1' ],
1900 silly audit   fdir: [ '6.5.0' ],
1900 silly audit   'is-number': [ '7.0.0' ],
1900 silly audit   escalade: [ '3.2.0' ],
1900 silly audit   punycode: [ '2.3.1' ],
1900 silly audit   '@types/d3-array': [ '3.2.2' ],
1900 silly audit   '@types/d3-ease': [ '3.0.2' ],
1900 silly audit   '@types/d3-interpolate': [ '3.0.4' ],
1900 silly audit   '@types/d3-scale': [ '4.0.9' ],
1900 silly audit   '@types/d3-shape': [ '3.1.8' ],
1900 silly audit   '@types/d3-time': [ '3.0.4' ],
1900 silly audit   '@types/d3-timer': [ '3.0.2' ],
1900 silly audit   'd3-array': [ '3.2.4' ],
1900 silly audit   'd3-ease': [ '3.0.1' ],
1900 silly audit   'd3-interpolate': [ '3.0.1' ],
1900 silly audit   'd3-scale': [ '4.0.2' ],
1900 silly audit   'd3-shape': [ '3.2.0' ],
1900 silly audit   'd3-time': [ '3.1.0' ],
1900 silly audit   'd3-timer': [ '3.0.1' ],
1900 silly audit   '@types/d3-color': [ '3.1.3' ],
1900 silly audit   '@types/d3-path': [ '3.1.1' ],
1900 silly audit   internmap: [ '2.0.3' ],
1900 silly audit   'd3-color': [ '3.1.0' ],
1900 silly audit   'd3-format': [ '3.1.2' ],
1900 silly audit   'd3-time-format': [ '4.1.0' ],
1900 silly audit   'd3-path': [ '3.1.0' ],
1900 silly audit   esbuild: [ '0.25.12' ],
1900 silly audit   rollup: [ '4.62.3' ],
1900 silly audit   '@esbuild/aix-ppc64': [ '0.25.12' ],
1900 silly audit   '@esbuild/android-arm': [ '0.25.12' ],
1900 silly audit   '@esbuild/android-arm64': [ '0.25.12' ],
1900 silly audit   '@esbuild/android-x64': [ '0.25.12' ],
1900 silly audit   '@esbuild/darwin-arm64': [ '0.25.12' ],
1900 silly audit   '@esbuild/darwin-x64': [ '0.25.12' ],
1900 silly audit   '@esbuild/freebsd-arm64': [ '0.25.12' ],
1900 silly audit   '@esbuild/freebsd-x64': [ '0.25.12' ],
1900 silly audit   '@esbuild/linux-arm': [ '0.25.12' ],
1900 silly audit   '@esbuild/linux-arm64': [ '0.25.12' ],
1900 silly audit   '@esbuild/linux-ia32': [ '0.25.12' ],
1900 silly audit   '@esbuild/linux-loong64': [ '0.25.12' ],
1900 silly audit   '@esbuild/linux-mips64el': [ '0.25.12' ],
1900 silly audit   '@esbuild/linux-ppc64': [ '0.25.12' ],
1900 silly audit   '@esbuild/linux-riscv64': [ '0.25.12' ],
1900 silly audit   '@esbuild/linux-s390x': [ '0.25.12' ],
1900 silly audit   '@esbuild/linux-x64': [ '0.25.12' ],
1900 silly audit   '@esbuild/netbsd-arm64': [ '0.25.12' ],
1900 silly audit   '@esbuild/netbsd-x64': [ '0.25.12' ],
1900 silly audit   '@esbuild/openbsd-arm64': [ '0.25.12' ],
1900 silly audit   '@esbuild/openbsd-x64': [ '0.25.12' ],
1900 silly audit   '@esbuild/openharmony-arm64': [ '0.25.12' ],
1900 silly audit   '@esbuild/sunos-x64': [ '0.25.12' ],
1900 silly audit   '@esbuild/win32-arm64': [ '0.25.12' ],
1900 silly audit   '@esbuild/win32-ia32': [ '0.25.12' ],
1900 silly audit   '@esbuild/win32-x64': [ '0.25.12' ],
1900 silly audit   '@rollup/rollup-android-arm-eabi': [ '4.62.3' ],
1900 silly audit   '@rollup/rollup-android-arm64': [ '4.62.3' ],
1900 silly audit   '@rollup/rollup-darwin-arm64': [ '4.62.3' ],
1900 silly audit   '@rollup/rollup-darwin-x64': [ '4.62.3' ],
1900 silly audit   '@rollup/rollup-freebsd-arm64': [ '4.62.3' ],
1900 silly audit   '@rollup/rollup-freebsd-x64': [ '4.62.3' ],
1900 silly audit   '@rollup/rollup-linux-arm-gnueabihf': [ '4.62.3' ],
1900 silly audit   '@rollup/rollup-linux-arm-musleabihf': [ '4.62.3' ],
1900 silly audit   '@rollup/rollup-linux-arm64-gnu': [ '4.62.3' ],
1900 silly audit   '@rollup/rollup-linux-arm64-musl': [ '4.62.3' ],
1900 silly audit   '@rollup/rollup-linux-loong64-gnu': [ '4.62.3' ],
1900 silly audit   '@rollup/rollup-linux-loong64-musl': [ '4.62.3' ],
1900 silly audit   '@rollup/rollup-linux-ppc64-gnu': [ '4.62.3' ],
1900 silly audit   '@rollup/rollup-linux-ppc64-musl': [ '4.62.3' ],
1900 silly audit   '@rollup/rollup-linux-riscv64-gnu': [ '4.62.3' ],
1900 silly audit   '@rollup/rollup-linux-riscv64-musl': [ '4.62.3' ],
1900 silly audit   '@rollup/rollup-linux-s390x-gnu': [ '4.62.3' ],
1900 silly audit   '@rollup/rollup-linux-x64-gnu': [ '4.62.3' ],
1900 silly audit   '@rollup/rollup-linux-x64-musl': [ '4.62.3' ],
1900 silly audit   '@rollup/rollup-openbsd-x64': [ '4.62.3' ],
1900 silly audit   '@rollup/rollup-openharmony-arm64': [ '4.62.3' ],
1900 silly audit   '@rollup/rollup-win32-arm64-msvc': [ '4.62.3' ],
1900 silly audit   '@rollup/rollup-win32-ia32-msvc': [ '4.62.3' ],
1900 silly audit   '@rollup/rollup-win32-x64-gnu': [ '4.62.3' ],
1900 silly audit   '@rollup/rollup-win32-x64-msvc': [ '4.62.3' ],
1900 silly audit   isexe: [ '2.0.0' ]
1900 silly audit }
1901 http cache isexe@https://registry.npmjs.org/isexe/-/isexe-2.0.0.tgz 0ms (cache hit)
1902 http cache rollup@https://registry.npmjs.org/rollup/-/rollup-4.62.3.tgz 0ms (cache hit)
1903 http cache @rollup/rollup-win32-x64-msvc@https://registry.npmjs.org/@rollup/rollup-win32-x64-msvc/-/rollup-win32-x64-msvc-4.62.3.tgz 0ms (cache hit)
1904 http cache @rollup/rollup-win32-x64-gnu@https://registry.npmjs.org/@rollup/rollup-win32-x64-gnu/-/rollup-win32-x64-gnu-4.62.3.tgz 0ms (cache hit)
1905 http cache @esbuild/win32-x64@https://registry.npmjs.org/@esbuild/win32-x64/-/win32-x64-0.25.12.tgz 0ms (cache hit)
1906 http cache esbuild@https://registry.npmjs.org/esbuild/-/esbuild-0.25.12.tgz 0ms (cache hit)
1907 http cache d3-format@https://registry.npmjs.org/d3-format/-/d3-format-3.1.2.tgz 0ms (cache hit)
1908 http cache d3-path@https://registry.npmjs.org/d3-path/-/d3-path-3.1.0.tgz 0ms (cache hit)
1909 http cache d3-time-format@https://registry.npmjs.org/d3-time-format/-/d3-time-format-4.1.0.tgz 0ms (cache hit)
1910 http cache d3-color@https://registry.npmjs.org/d3-color/-/d3-color-3.1.0.tgz 0ms (cache hit)
1911 http cache internmap@https://registry.npmjs.org/internmap/-/internmap-2.0.3.tgz 0ms (cache hit)
1912 http cache @types/d3-path@https://registry.npmjs.org/@types/d3-path/-/d3-path-3.1.1.tgz 0ms (cache hit)
1913 http cache d3-timer@https://registry.npmjs.org/d3-timer/-/d3-timer-3.0.1.tgz 0ms (cache hit)
1914 http cache @types/d3-color@https://registry.npmjs.org/@types/d3-color/-/d3-color-3.1.3.tgz 0ms (cache hit)
1915 http cache d3-time@https://registry.npmjs.org/d3-time/-/d3-time-3.1.0.tgz 0ms (cache hit)
1916 http cache d3-shape@https://registry.npmjs.org/d3-shape/-/d3-shape-3.2.0.tgz 0ms (cache hit)
1917 http cache d3-ease@https://registry.npmjs.org/d3-ease/-/d3-ease-3.0.1.tgz 0ms (cache hit)
1918 http cache d3-scale@https://registry.npmjs.org/d3-scale/-/d3-scale-4.0.2.tgz 0ms (cache hit)
1919 http cache @types/d3-timer@https://registry.npmjs.org/@types/d3-timer/-/d3-timer-3.0.2.tgz 0ms (cache hit)
1920 http cache @types/d3-shape@https://registry.npmjs.org/@types/d3-shape/-/d3-shape-3.1.8.tgz 0ms (cache hit)
1921 http cache d3-array@https://registry.npmjs.org/d3-array/-/d3-array-3.2.4.tgz 0ms (cache hit)
1922 http cache d3-interpolate@https://registry.npmjs.org/d3-interpolate/-/d3-interpolate-3.0.1.tgz 0ms (cache hit)
1923 http cache @types/d3-scale@https://registry.npmjs.org/@types/d3-scale/-/d3-scale-4.0.9.tgz 0ms (cache hit)
1924 http cache escalade@https://registry.npmjs.org/escalade/-/escalade-3.2.0.tgz 0ms (cache hit)
1925 http cache @types/d3-interpolate@https://registry.npmjs.org/@types/d3-interpolate/-/d3-interpolate-3.0.4.tgz 0ms (cache hit)
1926 http cache @types/d3-ease@https://registry.npmjs.org/@types/d3-ease/-/d3-ease-3.0.2.tgz 0ms (cache hit)
1927 http cache @types/d3-time@https://registry.npmjs.org/@types/d3-time/-/d3-time-3.0.4.tgz 0ms (cache hit)
1928 http cache @types/d3-array@https://registry.npmjs.org/@types/d3-array/-/d3-array-3.2.2.tgz 0ms (cache hit)
1929 http cache punycode@https://registry.npmjs.org/punycode/-/punycode-2.3.1.tgz 0ms (cache hit)
1930 http cache thenify@https://registry.npmjs.org/thenify/-/thenify-3.3.1.tgz 1ms (cache hit)
1931 http cache thenify-all@https://registry.npmjs.org/thenify-all/-/thenify-all-1.6.0.tgz 0ms (cache hit)
1932 http cache is-number@https://registry.npmjs.org/is-number/-/is-number-7.0.0.tgz 0ms (cache hit)
1933 http cache lines-and-columns@https://registry.npmjs.org/lines-and-columns/-/lines-and-columns-1.2.4.tgz 0ms (cache hit)
1934 http cache ts-interface-checker@https://registry.npmjs.org/ts-interface-checker/-/ts-interface-checker-0.1.13.tgz 0ms (cache hit)
1935 http cache tinyglobby@https://registry.npmjs.org/tinyglobby/-/tinyglobby-0.2.17.tgz 0ms (cache hit)
1936 http cache any-promise@https://registry.npmjs.org/any-promise/-/any-promise-1.3.0.tgz 0ms (cache hit)
1937 http cache mz@https://registry.npmjs.org/mz/-/mz-2.7.0.tgz 0ms (cache hit)
1938 http cache commander@https://registry.npmjs.org/commander/-/commander-4.1.1.tgz 0ms (cache hit)
1939 http cache path-parse@https://registry.npmjs.org/path-parse/-/path-parse-1.0.7.tgz 0ms (cache hit)
1940 http cache supports-preserve-symlinks-flag@https://registry.npmjs.org/supports-preserve-symlinks-flag/-/supports-preserve-symlinks-flag-1.0.0.tgz 0ms (cache hit)
1941 http cache pirates@https://registry.npmjs.org/pirates/-/pirates-4.0.7.tgz 0ms (cache hit)
1942 http cache queue-microtask@https://registry.npmjs.org/queue-microtask/-/queue-microtask-1.2.3.tgz 0ms (cache hit)
1943 http cache util-deprecate@https://registry.npmjs.org/util-deprecate/-/util-deprecate-1.0.2.tgz 0ms (cache hit)
1944 http cache pify@https://registry.npmjs.org/pify/-/pify-2.3.0.tgz 0ms (cache hit)
1945 http cache camelcase-css@https://registry.npmjs.org/camelcase-css/-/camelcase-css-2.0.1.tgz 0ms (cache hit)
1946 http cache cssesc@https://registry.npmjs.org/cssesc/-/cssesc-3.0.0.tgz 0ms (cache hit)
1947 http cache is-core-module@https://registry.npmjs.org/is-core-module/-/is-core-module-2.16.2.tgz 0ms (cache hit)
1948 http cache binary-extensions@https://registry.npmjs.org/binary-extensions/-/binary-extensions-2.3.0.tgz 0ms (cache hit)
1949 http cache read-cache@https://registry.npmjs.org/read-cache/-/read-cache-1.0.0.tgz 0ms (cache hit)
1950 http cache to-regex-range@https://registry.npmjs.org/to-regex-range/-/to-regex-range-5.0.1.tgz 0ms (cache hit)
1951 http cache reusify@https://registry.npmjs.org/reusify/-/reusify-1.1.0.tgz 0ms (cache hit)
1952 http cache run-parallel@https://registry.npmjs.org/run-parallel/-/run-parallel-1.2.0.tgz 0ms (cache hit)
1953 http cache fastq@https://registry.npmjs.org/fastq/-/fastq-1.20.1.tgz 0ms (cache hit)
1954 http cache merge2@https://registry.npmjs.org/merge2/-/merge2-1.4.1.tgz 0ms (cache hit)
1955 http cache @nodelib/fs.walk@https://registry.npmjs.org/@nodelib/fs.walk/-/fs.walk-1.2.8.tgz 0ms (cache hit)
1956 http cache fill-range@https://registry.npmjs.org/fill-range/-/fill-range-7.1.1.tgz 0ms (cache hit)
1957 http cache @nodelib/fs.stat@https://registry.npmjs.org/@nodelib/fs.stat/-/fs.stat-2.0.5.tgz 0ms (cache hit)
1958 http cache @nodelib/fs.scandir@https://registry.npmjs.org/@nodelib/fs.scandir/-/fs.scandir-2.1.5.tgz 0ms (cache hit)
1959 http cache readdirp@https://registry.npmjs.org/readdirp/-/readdirp-3.6.0.tgz 0ms (cache hit)
1960 http cache picomatch@https://registry.npmjs.org/picomatch/-/picomatch-2.3.2.tgz 0ms (cache hit)
1961 http cache braces@https://registry.npmjs.org/braces/-/braces-3.0.3.tgz 0ms (cache hit)
1962 http cache is-binary-path@https://registry.npmjs.org/is-binary-path/-/is-binary-path-2.1.0.tgz 0ms (cache hit)
1963 http cache anymatch@https://registry.npmjs.org/anymatch/-/anymatch-3.1.3.tgz 0ms (cache hit)
1964 http cache sucrase@https://registry.npmjs.org/sucrase/-/sucrase-3.35.1.tgz 0ms (cache hit)
1965 http cache resolve@https://registry.npmjs.org/resolve/-/resolve-1.22.12.tgz 0ms (cache hit)
1966 http cache postcss-selector-parser@https://registry.npmjs.org/postcss-selector-parser/-/postcss-selector-parser-6.1.4.tgz 1ms (cache hit)
1967 http cache postcss-nested@https://registry.npmjs.org/postcss-nested/-/postcss-nested-6.2.0.tgz 0ms (cache hit)
1968 http cache postcss-load-config@https://registry.npmjs.org/postcss-load-config/-/postcss-load-config-6.0.1.tgz 0ms (cache hit)
1969 http cache postcss-import@https://registry.npmjs.org/postcss-import/-/postcss-import-15.1.0.tgz 0ms (cache hit)
1970 http cache postcss-js@https://registry.npmjs.org/postcss-js/-/postcss-js-4.1.0.tgz 0ms (cache hit)
1971 http cache normalize-path@https://registry.npmjs.org/normalize-path/-/normalize-path-3.0.0.tgz 0ms (cache hit)
1972 http cache micromatch@https://registry.npmjs.org/micromatch/-/micromatch-4.0.8.tgz 0ms (cache hit)
1973 http cache lilconfig@https://registry.npmjs.org/lilconfig/-/lilconfig-3.1.3.tgz 0ms (cache hit)
1974 http cache object-hash@https://registry.npmjs.org/object-hash/-/object-hash-3.0.0.tgz 0ms (cache hit)
1975 http cache jiti@https://registry.npmjs.org/jiti/-/jiti-1.21.7.tgz 0ms (cache hit)
1976 http cache dlv@https://registry.npmjs.org/dlv/-/dlv-1.1.3.tgz 0ms (cache hit)
1977 http cache fast-glob@https://registry.npmjs.org/fast-glob/-/fast-glob-3.3.3.tgz 0ms (cache hit)
1978 http cache didyoumean@https://registry.npmjs.org/didyoumean/-/didyoumean-1.2.2.tgz 0ms (cache hit)
1979 http cache chokidar@https://registry.npmjs.org/chokidar/-/chokidar-3.6.0.tgz 0ms (cache hit)
1980 http cache arg@https://registry.npmjs.org/arg/-/arg-5.0.2.tgz 0ms (cache hit)
1981 http cache has-flag@https://registry.npmjs.org/has-flag/-/has-flag-4.0.0.tgz 0ms (cache hit)
1982 http cache @babel/runtime@https://registry.npmjs.org/@babel/runtime/-/runtime-7.29.7.tgz 0ms (cache hit)
1983 http cache decimal.js-light@https://registry.npmjs.org/decimal.js-light/-/decimal.js-light-2.5.1.tgz 0ms (cache hit)
1984 http cache @alloc/quick-lru@https://registry.npmjs.org/@alloc/quick-lru/-/quick-lru-5.2.0.tgz 0ms (cache hit)
1985 http cache dom-helpers@https://registry.npmjs.org/dom-helpers/-/dom-helpers-5.2.1.tgz 0ms (cache hit)
1986 http cache shebang-regex@https://registry.npmjs.org/shebang-regex/-/shebang-regex-3.0.0.tgz 0ms (cache hit)
1987 http cache object-assign@https://registry.npmjs.org/object-assign/-/object-assign-4.1.1.tgz 0ms (cache hit)
1988 http cache react-transition-group@https://registry.npmjs.org/react-transition-group/-/react-transition-group-4.4.5.tgz 1ms (cache hit)
1989 http cache tiny-invariant@https://registry.npmjs.org/tiny-invariant/-/tiny-invariant-1.3.3.tgz 0ms (cache hit)
1990 http cache victory-vendor@https://registry.npmjs.org/victory-vendor/-/victory-vendor-36.9.2.tgz 0ms (cache hit)
1991 http cache prop-types@https://registry.npmjs.org/prop-types/-/prop-types-15.8.1.tgz 0ms (cache hit)
1992 http cache fast-equals@https://registry.npmjs.org/fast-equals/-/fast-equals-5.4.1.tgz 0ms (cache hit)
1993 http cache recharts-scale@https://registry.npmjs.org/recharts-scale/-/recharts-scale-0.4.5.tgz 0ms (cache hit)
1994 http cache react-smooth@https://registry.npmjs.org/react-smooth/-/react-smooth-4.0.4.tgz 0ms (cache hit)
1995 http cache eventemitter3@https://registry.npmjs.org/eventemitter3/-/eventemitter3-4.0.7.tgz 0ms (cache hit)
1996 http cache react-is@https://registry.npmjs.org/react-is/-/react-is-18.3.1.tgz 0ms (cache hit)
1997 http cache lodash@https://registry.npmjs.org/lodash/-/lodash-4.18.1.tgz 0ms (cache hit)
1998 http cache clsx@https://registry.npmjs.org/clsx/-/clsx-2.1.1.tgz 0ms (cache hit)
1999 http cache set-cookie-parser@https://registry.npmjs.org/set-cookie-parser/-/set-cookie-parser-2.7.2.tgz 0ms (cache hit)
2000 http cache source-map-js@https://registry.npmjs.org/source-map-js/-/source-map-js-1.2.1.tgz 0ms (cache hit)
2001 http cache goober@https://registry.npmjs.org/goober/-/goober-2.1.19.tgz 0ms (cache hit)
2002 http cache cookie@https://registry.npmjs.org/cookie/-/cookie-1.1.1.tgz 0ms (cache hit)
2003 http cache react-router@https://registry.npmjs.org/react-router/-/react-router-7.18.1.tgz 0ms (cache hit)
2004 http cache scheduler@https://registry.npmjs.org/scheduler/-/scheduler-0.23.2.tgz 0ms (cache hit)
2005 http cache p-limit@https://registry.npmjs.org/p-limit/-/p-limit-3.1.0.tgz 1ms (cache hit)
2006 http cache loose-envify@https://registry.npmjs.org/loose-envify/-/loose-envify-1.4.0.tgz 0ms (cache hit)
2007 http cache nanoid@https://registry.npmjs.org/nanoid/-/nanoid-3.3.16.tgz 0ms (cache hit)
2008 http cache callsites@https://registry.npmjs.org/callsites/-/callsites-3.1.0.tgz 0ms (cache hit)
2009 http cache yocto-queue@https://registry.npmjs.org/yocto-queue/-/yocto-queue-0.1.0.tgz 0ms (cache hit)
2010 http cache brace-expansion@https://registry.npmjs.org/brace-expansion/-/brace-expansion-1.1.16.tgz 0ms (cache hit)
2011 http cache fast-levenshtein@https://registry.npmjs.org/fast-levenshtein/-/fast-levenshtein-2.0.6.tgz 0ms (cache hit)
2012 http cache word-wrap@https://registry.npmjs.org/word-wrap/-/word-wrap-1.2.5.tgz 0ms (cache hit)
2013 http cache deep-is@https://registry.npmjs.org/deep-is/-/deep-is-0.1.4.tgz 0ms (cache hit)
2014 http cache mime-db@https://registry.npmjs.org/mime-db/-/mime-db-1.52.0.tgz 0ms (cache hit)
2015 http cache yallist@https://registry.npmjs.org/yallist/-/yallist-3.1.1.tgz 0ms (cache hit)
2016 http cache p-locate@https://registry.npmjs.org/p-locate/-/p-locate-5.0.0.tgz 0ms (cache hit)
2017 http cache concat-map@https://registry.npmjs.org/concat-map/-/concat-map-0.0.1.tgz 0ms (cache hit)
2018 http cache balanced-match@https://registry.npmjs.org/balanced-match/-/balanced-match-1.0.2.tgz 0ms (cache hit)
2019 http cache json-buffer@https://registry.npmjs.org/json-buffer/-/json-buffer-3.0.1.tgz 0ms (cache hit)
2020 http cache type-check@https://registry.npmjs.org/type-check/-/type-check-0.4.0.tgz 0ms (cache hit)
2021 http cache argparse@https://registry.npmjs.org/argparse/-/argparse-2.0.1.tgz 0ms (cache hit)
2022 http cache is-extglob@https://registry.npmjs.org/is-extglob/-/is-extglob-2.1.1.tgz 0ms (cache hit)
2023 http cache prelude-ls@https://registry.npmjs.org/prelude-ls/-/prelude-ls-1.2.1.tgz 0ms (cache hit)
2024 http cache agent-base@https://registry.npmjs.org/agent-base/-/agent-base-6.0.2.tgz 0ms (cache hit)
2025 http cache parent-module@https://registry.npmjs.org/parent-module/-/parent-module-1.0.1.tgz 0ms (cache hit)
2026 http cache resolve-from@https://registry.npmjs.org/resolve-from/-/resolve-from-4.0.0.tgz 0ms (cache hit)
2027 http cache dunder-proto@https://registry.npmjs.org/dunder-proto/-/dunder-proto-1.0.1.tgz 0ms (cache hit)
2028 http cache math-intrinsics@https://registry.npmjs.org/math-intrinsics/-/math-intrinsics-1.1.0.tgz 0ms (cache hit)
2029 http cache has-symbols@https://registry.npmjs.org/has-symbols/-/has-symbols-1.1.0.tgz 0ms (cache hit)
2030 http cache es-object-atoms@https://registry.npmjs.org/es-object-atoms/-/es-object-atoms-1.1.2.tgz 0ms (cache hit)
2031 http cache gopd@https://registry.npmjs.org/gopd/-/gopd-1.2.0.tgz 1ms (cache hit)
2032 http cache get-proto@https://registry.npmjs.org/get-proto/-/get-proto-1.0.1.tgz 0ms (cache hit)
2033 http cache function-bind@https://registry.npmjs.org/function-bind/-/function-bind-1.1.2.tgz 0ms (cache hit)
2034 http cache call-bind-apply-helpers@https://registry.npmjs.org/call-bind-apply-helpers/-/call-bind-apply-helpers-1.0.2.tgz 0ms (cache hit)
2035 http cache delayed-stream@https://registry.npmjs.org/delayed-stream/-/delayed-stream-1.0.0.tgz 0ms (cache hit)
2036 http cache has-tostringtag@https://registry.npmjs.org/has-tostringtag/-/has-tostringtag-1.0.2.tgz 0ms (cache hit)
2037 http cache es-define-property@https://registry.npmjs.org/es-define-property/-/es-define-property-1.0.1.tgz 0ms (cache hit)
2038 http cache get-intrinsic@https://registry.npmjs.org/get-intrinsic/-/get-intrinsic-1.3.0.tgz 0ms (cache hit)
2039 http cache hasown@https://registry.npmjs.org/hasown/-/hasown-2.0.4.tgz 0ms (cache hit)
2040 http cache es-errors@https://registry.npmjs.org/es-errors/-/es-errors-1.3.0.tgz 0ms (cache hit)
2041 http cache es-set-tostringtag@https://registry.npmjs.org/es-set-tostringtag/-/es-set-tostringtag-2.1.0.tgz 0ms (cache hit)
2042 http cache combined-stream@https://registry.npmjs.org/combined-stream/-/combined-stream-1.0.8.tgz 1ms (cache hit)
2043 http cache mime-types@https://registry.npmjs.org/mime-types/-/mime-types-2.1.35.tgz 0ms (cache hit)
2044 http cache keyv@https://registry.npmjs.org/keyv/-/keyv-4.5.4.tgz 0ms (cache hit)
2045 http cache flatted@https://registry.npmjs.org/flatted/-/flatted-3.4.3.tgz 0ms (cache hit)
2046 http cache asynckit@https://registry.npmjs.org/asynckit/-/asynckit-0.4.0.tgz 0ms (cache hit)
2047 http cache locate-path@https://registry.npmjs.org/locate-path/-/locate-path-6.0.0.tgz 0ms (cache hit)
2048 http cache path-exists@https://registry.npmjs.org/path-exists/-/path-exists-4.0.0.tgz 0ms (cache hit)
2049 http cache flat-cache@https://registry.npmjs.org/flat-cache/-/flat-cache-4.0.1.tgz 0ms (cache hit)
2050 http cache estraverse@https://registry.npmjs.org/estraverse/-/estraverse-5.3.0.tgz 0ms (cache hit)
2051 http cache acorn@https://registry.npmjs.org/acorn/-/acorn-8.17.0.tgz 0ms (cache hit)
2052 http cache which@https://registry.npmjs.org/which/-/which-2.0.2.tgz 0ms (cache hit)
2053 http cache esrecurse@https://registry.npmjs.org/esrecurse/-/esrecurse-4.3.0.tgz 0ms (cache hit)
2054 http cache shebang-command@https://registry.npmjs.org/shebang-command/-/shebang-command-2.0.0.tgz 0ms (cache hit)
2055 http cache acorn-jsx@https://registry.npmjs.org/acorn-jsx/-/acorn-jsx-5.3.2.tgz 0ms (cache hit)
2056 http cache color-name@https://registry.npmjs.org/color-name/-/color-name-1.1.4.tgz 0ms (cache hit)
2057 http cache path-key@https://registry.npmjs.org/path-key/-/path-key-3.1.1.tgz 0ms (cache hit)
2058 http cache color-convert@https://registry.npmjs.org/color-convert/-/color-convert-2.0.1.tgz 0ms (cache hit)
2059 http cache uri-js@https://registry.npmjs.org/uri-js/-/uri-js-4.4.1.tgz 0ms (cache hit)
2060 http cache ansi-styles@https://registry.npmjs.org/ansi-styles/-/ansi-styles-4.3.0.tgz 0ms (cache hit)
2061 http cache json-schema-traverse@https://registry.npmjs.org/json-schema-traverse/-/json-schema-traverse-0.4.1.tgz 1ms (cache hit)
2062 http cache supports-color@https://registry.npmjs.org/supports-color/-/supports-color-7.2.0.tgz 0ms (cache hit)
2063 http cache levn@https://registry.npmjs.org/levn/-/levn-0.4.1.tgz 0ms (cache hit)
2064 http cache strip-json-comments@https://registry.npmjs.org/strip-json-comments/-/strip-json-comments-3.1.1.tgz 0ms (cache hit)
2065 http cache fast-json-stable-stringify@https://registry.npmjs.org/fast-json-stable-stringify/-/fast-json-stable-stringify-2.1.0.tgz 0ms (cache hit)
2066 http cache @eslint/object-schema@https://registry.npmjs.org/@eslint/object-schema/-/object-schema-2.1.7.tgz 0ms (cache hit)
2067 http cache @humanfs/core@https://registry.npmjs.org/@humanfs/core/-/core-0.19.2.tgz 0ms (cache hit)
2068 http cache @humanfs/types@https://registry.npmjs.org/@humanfs/types/-/types-0.15.0.tgz 0ms (cache hit)
2069 http cache js-yaml@https://registry.npmjs.org/js-yaml/-/js-yaml-4.3.0.tgz 0ms (cache hit)
2070 http cache natural-compare@https://registry.npmjs.org/natural-compare/-/natural-compare-1.4.0.tgz 0ms (cache hit)
2071 http cache optionator@https://registry.npmjs.org/optionator/-/optionator-0.9.4.tgz 0ms (cache hit)
2072 http cache @types/json-schema@https://registry.npmjs.org/@types/json-schema/-/json-schema-7.0.15.tgz 0ms (cache hit)
2073 http cache is-glob@https://registry.npmjs.org/is-glob/-/is-glob-4.0.3.tgz 0ms (cache hit)
2074 http cache minimatch@https://registry.npmjs.org/minimatch/-/minimatch-3.1.5.tgz 0ms (cache hit)
2075 http cache import-fresh@https://registry.npmjs.org/import-fresh/-/import-fresh-3.3.1.tgz 0ms (cache hit)
2076 http cache json-stable-stringify-without-jsonify@https://registry.npmjs.org/json-stable-stringify-without-jsonify/-/json-stable-stringify-without-jsonify-1.0.1.tgz 0ms (cache hit)
2077 http cache imurmurhash@https://registry.npmjs.org/imurmurhash/-/imurmurhash-0.1.4.tgz 0ms (cache hit)
2078 http cache lodash.merge@https://registry.npmjs.org/lodash.merge/-/lodash.merge-4.6.2.tgz 0ms (cache hit)
2079 http cache file-entry-cache@https://registry.npmjs.org/file-entry-cache/-/file-entry-cache-8.0.0.tgz 0ms (cache hit)
2080 http cache glob-parent@https://registry.npmjs.org/glob-parent/-/glob-parent-6.0.2.tgz 0ms (cache hit)
2081 http cache find-up@https://registry.npmjs.org/find-up/-/find-up-5.0.0.tgz 0ms (cache hit)
2082 http cache esutils@https://registry.npmjs.org/esutils/-/esutils-2.0.3.tgz 0ms (cache hit)
2083 http cache fast-deep-equal@https://registry.npmjs.org/fast-deep-equal/-/fast-deep-equal-3.1.3.tgz 0ms (cache hit)
2084 http cache eslint-visitor-keys@https://registry.npmjs.org/eslint-visitor-keys/-/eslint-visitor-keys-4.2.1.tgz 0ms (cache hit)
2085 http cache ignore@https://registry.npmjs.org/ignore/-/ignore-5.3.2.tgz 0ms (cache hit)
2086 http cache escape-string-regexp@https://registry.npmjs.org/escape-string-regexp/-/escape-string-regexp-4.0.0.tgz 0ms (cache hit)
2087 http cache esquery@https://registry.npmjs.org/esquery/-/esquery-1.7.0.tgz 0ms (cache hit)
2088 http cache espree@https://registry.npmjs.org/espree/-/espree-10.4.0.tgz 0ms (cache hit)
2089 http cache chalk@https://registry.npmjs.org/chalk/-/chalk-4.1.2.tgz 0ms (cache hit)
2090 http cache @types/estree@https://registry.npmjs.org/@types/estree/-/estree-1.0.9.tgz 0ms (cache hit)
2091 http cache eslint-scope@https://registry.npmjs.org/eslint-scope/-/eslint-scope-8.4.0.tgz 0ms (cache hit)
2092 http cache ajv@https://registry.npmjs.org/ajv/-/ajv-6.15.0.tgz 0ms (cache hit)
2093 http cache @eslint/plugin-kit@https://registry.npmjs.org/@eslint/plugin-kit/-/plugin-kit-0.4.1.tgz 0ms (cache hit)
2094 http cache cross-spawn@https://registry.npmjs.org/cross-spawn/-/cross-spawn-7.0.6.tgz 0ms (cache hit)
2095 http cache @eslint/core@https://registry.npmjs.org/@eslint/core/-/core-0.17.0.tgz 0ms (cache hit)
2096 http cache @humanfs/node@https://registry.npmjs.org/@humanfs/node/-/node-0.16.8.tgz 0ms (cache hit)
2097 http cache @humanwhocodes/retry@https://registry.npmjs.org/@humanwhocodes/retry/-/retry-0.4.3.tgz 0ms (cache hit)
2098 http cache ms@https://registry.npmjs.org/ms/-/ms-2.1.3.tgz 0ms (cache hit)
2099 http cache @humanwhocodes/module-importer@https://registry.npmjs.org/@humanwhocodes/module-importer/-/module-importer-1.0.1.tgz 0ms (cache hit)
2100 http cache @eslint/config-helpers@https://registry.npmjs.org/@eslint/config-helpers/-/config-helpers-0.4.2.tgz 0ms (cache hit)
2101 http cache update-browserslist-db@https://registry.npmjs.org/update-browserslist-db/-/update-browserslist-db-1.2.3.tgz 0ms (cache hit)
2102 http cache @eslint/config-array@https://registry.npmjs.org/@eslint/config-array/-/config-array-0.21.2.tgz 0ms (cache hit)
2103 http cache node-releases@https://registry.npmjs.org/node-releases/-/node-releases-2.0.51.tgz 0ms (cache hit)
2104 http cache electron-to-chromium@https://registry.npmjs.org/electron-to-chromium/-/electron-to-chromium-1.5.396.tgz 0ms (cache hit)
2105 http cache @eslint/eslintrc@https://registry.npmjs.org/@eslint/eslintrc/-/eslintrc-3.3.6.tgz 0ms (cache hit)
2106 http cache @eslint-community/regexpp@https://registry.npmjs.org/@eslint-community/regexpp/-/regexpp-4.12.2.tgz 0ms (cache hit)
2107 http cache proxy-from-env@https://registry.npmjs.org/proxy-from-env/-/proxy-from-env-2.1.0.tgz 0ms (cache hit)
2108 http cache @eslint-community/eslint-utils@https://registry.npmjs.org/@eslint-community/eslint-utils/-/eslint-utils-4.10.1.tgz 0ms (cache hit)
2109 http cache baseline-browser-mapping@https://registry.npmjs.org/baseline-browser-mapping/-/baseline-browser-mapping-2.11.4.tgz 0ms (cache hit)
2110 http cache https-proxy-agent@https://registry.npmjs.org/https-proxy-agent/-/https-proxy-agent-5.0.1.tgz 0ms (cache hit)
2111 http cache form-data@https://registry.npmjs.org/form-data/-/form-data-4.0.6.tgz 0ms (cache hit)
2112 http cache @types/babel__template@https://registry.npmjs.org/@types/babel__template/-/babel__template-7.4.4.tgz 0ms (cache hit)
2113 http cache follow-redirects@https://registry.npmjs.org/follow-redirects/-/follow-redirects-1.16.0.tgz 0ms (cache hit)
2114 http cache postcss-value-parser@https://registry.npmjs.org/postcss-value-parser/-/postcss-value-parser-4.2.0.tgz 0ms (cache hit)
2115 http cache caniuse-lite@https://registry.npmjs.org/caniuse-lite/-/caniuse-lite-1.0.30001806.tgz 0ms (cache hit)
2116 http cache fraction.js@https://registry.npmjs.org/fraction.js/-/fraction.js-5.3.4.tgz 0ms (cache hit)
2117 http cache @types/babel__traverse@https://registry.npmjs.org/@types/babel__traverse/-/babel__traverse-7.28.0.tgz 0ms (cache hit)
2118 http cache @babel/helper-string-parser@https://registry.npmjs.org/@babel/helper-string-parser/-/helper-string-parser-7.29.7.tgz 0ms (cache hit)
2119 http cache @jridgewell/resolve-uri@https://registry.npmjs.org/@jridgewell/resolve-uri/-/resolve-uri-3.1.2.tgz 0ms (cache hit)
2120 http cache @jridgewell/sourcemap-codec@https://registry.npmjs.org/@jridgewell/sourcemap-codec/-/sourcemap-codec-1.5.5.tgz 0ms (cache hit)
2121 http cache @types/babel__generator@https://registry.npmjs.org/@types/babel__generator/-/babel__generator-7.27.0.tgz 0ms (cache hit)
2122 http cache browserslist@https://registry.npmjs.org/browserslist/-/browserslist-4.28.7.tgz 0ms (cache hit)
2123 http cache jsesc@https://registry.npmjs.org/jsesc/-/jsesc-3.1.0.tgz 0ms (cache hit)
2124 http cache @babel/helper-module-imports@https://registry.npmjs.org/@babel/helper-module-imports/-/helper-module-imports-7.29.7.tgz 0ms (cache hit)
2125 http cache @babel/helper-globals@https://registry.npmjs.org/@babel/helper-globals/-/helper-globals-7.29.7.tgz 0ms (cache hit)
2126 http cache @babel/helper-plugin-utils@https://registry.npmjs.org/@babel/helper-plugin-utils/-/helper-plugin-utils-7.29.7.tgz 0ms (cache hit)
2127 http cache lru-cache@https://registry.npmjs.org/lru-cache/-/lru-cache-5.1.1.tgz 0ms (cache hit)
2128 http cache @jridgewell/gen-mapping@https://registry.npmjs.org/@jridgewell/gen-mapping/-/gen-mapping-0.3.13.tgz 0ms (cache hit)
2129 http cache @babel/helper-validator-option@https://registry.npmjs.org/@babel/helper-validator-option/-/helper-validator-option-7.29.7.tgz 0ms (cache hit)
2130 http cache @babel/compat-data@https://registry.npmjs.org/@babel/compat-data/-/compat-data-7.29.7.tgz 1ms (cache hit)
2131 http cache @jridgewell/trace-mapping@https://registry.npmjs.org/@jridgewell/trace-mapping/-/trace-mapping-0.3.31.tgz 0ms (cache hit)
2132 http cache picocolors@https://registry.npmjs.org/picocolors/-/picocolors-1.1.1.tgz 0ms (cache hit)
2133 http cache semver@https://registry.npmjs.org/semver/-/semver-6.3.1.tgz 0ms (cache hit)
2134 http cache js-tokens@https://registry.npmjs.org/js-tokens/-/js-tokens-4.0.0.tgz 0ms (cache hit)
2135 http cache @babel/helper-validator-identifier@https://registry.npmjs.org/@babel/helper-validator-identifier/-/helper-validator-identifier-7.29.7.tgz 0ms (cache hit)
2136 http cache json5@https://registry.npmjs.org/json5/-/json5-2.2.3.tgz 0ms (cache hit)
2137 http cache @babel/types@https://registry.npmjs.org/@babel/types/-/types-7.29.7.tgz 0ms (cache hit)
2138 http cache debug@https://registry.npmjs.org/debug/-/debug-4.4.3.tgz 0ms (cache hit)
2139 http cache gensync@https://registry.npmjs.org/gensync/-/gensync-1.0.0-beta.2.tgz 0ms (cache hit)
2140 http cache @babel/traverse@https://registry.npmjs.org/@babel/traverse/-/traverse-7.29.7.tgz 0ms (cache hit)
2141 http cache @babel/parser@https://registry.npmjs.org/@babel/parser/-/parser-7.29.7.tgz 0ms (cache hit)
2142 http cache @jridgewell/remapping@https://registry.npmjs.org/@jridgewell/remapping/-/remapping-2.3.5.tgz 0ms (cache hit)
2143 http cache convert-source-map@https://registry.npmjs.org/convert-source-map/-/convert-source-map-2.0.0.tgz 0ms (cache hit)
2144 http cache @babel/template@https://registry.npmjs.org/@babel/template/-/template-7.29.7.tgz 0ms (cache hit)
2145 http cache @babel/helpers@https://registry.npmjs.org/@babel/helpers/-/helpers-7.29.7.tgz 0ms (cache hit)
2146 http cache @babel/generator@https://registry.npmjs.org/@babel/generator/-/generator-7.29.7.tgz 0ms (cache hit)
2147 http cache @babel/code-frame@https://registry.npmjs.org/@babel/code-frame/-/code-frame-7.29.7.tgz 0ms (cache hit)
2148 http cache @babel/helper-compilation-targets@https://registry.npmjs.org/@babel/helper-compilation-targets/-/helper-compilation-targets-7.29.7.tgz 0ms (cache hit)
2149 http cache @babel/helper-module-transforms@https://registry.npmjs.org/@babel/helper-module-transforms/-/helper-module-transforms-7.29.7.tgz 0ms (cache hit)
2150 http cache react-refresh@https://registry.npmjs.org/react-refresh/-/react-refresh-0.17.0.tgz 0ms (cache hit)
2151 http cache @types/babel__core@https://registry.npmjs.org/@types/babel__core/-/babel__core-7.20.5.tgz 0ms (cache hit)
2152 http cache @babel/plugin-transform-react-jsx-self@https://registry.npmjs.org/@babel/plugin-transform-react-jsx-self/-/plugin-transform-react-jsx-self-7.29.7.tgz 0ms (cache hit)
2153 http cache @babel/plugin-transform-react-jsx-source@https://registry.npmjs.org/@babel/plugin-transform-react-jsx-source/-/plugin-transform-react-jsx-source-7.29.7.tgz 0ms (cache hit)
2154 http cache csstype@https://registry.npmjs.org/csstype/-/csstype-3.2.3.tgz 0ms (cache hit)
2155 http cache @rolldown/pluginutils@https://registry.npmjs.org/@rolldown/pluginutils/-/pluginutils-1.0.0-beta.27.tgz 0ms (cache hit)
2156 http cache @babel/core@https://registry.npmjs.org/@babel/core/-/core-7.29.7.tgz 0ms (cache hit)
2157 http cache tailwindcss@https://registry.npmjs.org/tailwindcss/-/tailwindcss-3.4.19.tgz 0ms (cache hit)
2158 http cache @types/prop-types@https://registry.npmjs.org/@types/prop-types/-/prop-types-15.7.15.tgz 0ms (cache hit)
2159 http cache recharts@https://registry.npmjs.org/recharts/-/recharts-2.15.4.tgz 0ms (cache hit)
2160 http cache react-dom@https://registry.npmjs.org/react-dom/-/react-dom-18.3.1.tgz 0ms (cache hit)
2161 http cache prettier@https://registry.npmjs.org/prettier/-/prettier-3.9.6.tgz 0ms (cache hit)
2162 http cache react-hot-toast@https://registry.npmjs.org/react-hot-toast/-/react-hot-toast-2.6.0.tgz 0ms (cache hit)
2163 http cache eslint-plugin-react-refresh@https://registry.npmjs.org/eslint-plugin-react-refresh/-/eslint-plugin-react-refresh-0.4.26.tgz 0ms (cache hit)
2164 http cache lucide-react@https://registry.npmjs.org/lucide-react/-/lucide-react-0.468.0.tgz 0ms (cache hit)
2165 http cache react-router-dom@https://registry.npmjs.org/react-router-dom/-/react-router-dom-7.18.1.tgz 0ms (cache hit)
2166 http cache globals@https://registry.npmjs.org/globals/-/globals-15.15.0.tgz 0ms (cache hit)
2167 http cache eslint-plugin-react-hooks@https://registry.npmjs.org/eslint-plugin-react-hooks/-/eslint-plugin-react-hooks-5.2.0.tgz 0ms (cache hit)
2168 http cache eslint@https://registry.npmjs.org/eslint/-/eslint-9.39.5.tgz 0ms (cache hit)
2169 http cache @types/react@https://registry.npmjs.org/@types/react/-/react-18.3.31.tgz 0ms (cache hit)
2170 http cache postcss@https://registry.npmjs.org/postcss/-/postcss-8.5.23.tgz 0ms (cache hit)
2171 http cache axios@https://registry.npmjs.org/axios/-/axios-1.18.1.tgz 0ms (cache hit)
2172 http cache @types/react-dom@https://registry.npmjs.org/@types/react-dom/-/react-dom-18.3.7.tgz 0ms (cache hit)
2173 http cache @eslint/js@https://registry.npmjs.org/@eslint/js/-/js-9.39.5.tgz 0ms (cache hit)
2174 http cache @vitejs/plugin-react@https://registry.npmjs.org/@vitejs/plugin-react/-/plugin-react-4.7.0.tgz 0ms (cache hit)
2175 http cache autoprefixer@https://registry.npmjs.org/autoprefixer/-/autoprefixer-10.5.4.tgz 0ms (cache hit)
2176 http cache vite@https://registry.npmjs.org/vite/-/vite-6.4.3.tgz 0ms (cache hit)
2177 http cache react@https://registry.npmjs.org/react/-/react-18.3.1.tgz 0ms (cache hit)
2178 http cache react-hook-form@https://registry.npmjs.org/react-hook-form/-/react-hook-form-7.83.0.tgz 0ms (cache hit)
2179 http cache picomatch@https://registry.npmjs.org/picomatch/-/picomatch-4.0.5.tgz 0ms (cache hit)
2180 http cache fdir@https://registry.npmjs.org/fdir/-/fdir-6.5.0.tgz 0ms (cache hit)
2181 http cache @hookform/resolvers@https://registry.npmjs.org/@hookform/resolvers/-/resolvers-3.10.0.tgz 0ms (cache hit)
2182 http cache glob-parent@https://registry.npmjs.org/glob-parent/-/glob-parent-5.1.2.tgz 0ms (cache hit)
2183 http cache globals@https://registry.npmjs.org/globals/-/globals-14.0.0.tgz 0ms (cache hit)
2184 http cache react-is@https://registry.npmjs.org/react-is/-/react-is-16.13.1.tgz 0ms (cache hit)
2185 silly tarball no local data for isexe@https://registry.npmjs.org/isexe/-/isexe-2.0.0.tgz. Extracting by manifest.
2186 http cache eslint-visitor-keys@https://registry.npmjs.org/eslint-visitor-keys/-/eslint-visitor-keys-3.4.3.tgz 0ms (cache hit)
2187 silly tarball no local data for rollup@https://registry.npmjs.org/rollup/-/rollup-4.62.3.tgz. Extracting by manifest.
2188 http cache glob-parent@https://registry.npmjs.org/glob-parent/-/glob-parent-5.1.2.tgz 0ms (cache hit)
2189 silly tarball no local data for @rollup/rollup-win32-x64-msvc@https://registry.npmjs.org/@rollup/rollup-win32-x64-msvc/-/rollup-win32-x64-msvc-4.62.3.tgz. Extracting by manifest.
2190 silly tarball no local data for @rollup/rollup-win32-x64-gnu@https://registry.npmjs.org/@rollup/rollup-win32-x64-gnu/-/rollup-win32-x64-gnu-4.62.3.tgz. Extracting by manifest.
2191 silly tarball no local data for @esbuild/win32-x64@https://registry.npmjs.org/@esbuild/win32-x64/-/win32-x64-0.25.12.tgz. Extracting by manifest.
2192 silly tarball no local data for esbuild@https://registry.npmjs.org/esbuild/-/esbuild-0.25.12.tgz. Extracting by manifest.
2193 silly tarball no local data for d3-format@https://registry.npmjs.org/d3-format/-/d3-format-3.1.2.tgz. Extracting by manifest.
2194 silly tarball no local data for d3-path@https://registry.npmjs.org/d3-path/-/d3-path-3.1.0.tgz. Extracting by manifest.
2195 silly tarball no local data for d3-time-format@https://registry.npmjs.org/d3-time-format/-/d3-time-format-4.1.0.tgz. Extracting by manifest.
2196 silly tarball no local data for d3-color@https://registry.npmjs.org/d3-color/-/d3-color-3.1.0.tgz. Extracting by manifest.
2197 silly tarball no local data for internmap@https://registry.npmjs.org/internmap/-/internmap-2.0.3.tgz. Extracting by manifest.
2198 silly tarball no local data for @types/d3-path@https://registry.npmjs.org/@types/d3-path/-/d3-path-3.1.1.tgz. Extracting by manifest.
2199 silly tarball no local data for d3-timer@https://registry.npmjs.org/d3-timer/-/d3-timer-3.0.1.tgz. Extracting by manifest.
2200 silly tarball no local data for @types/d3-color@https://registry.npmjs.org/@types/d3-color/-/d3-color-3.1.3.tgz. Extracting by manifest.
2201 silly tarball no local data for d3-time@https://registry.npmjs.org/d3-time/-/d3-time-3.1.0.tgz. Extracting by manifest.
2202 silly tarball no local data for d3-shape@https://registry.npmjs.org/d3-shape/-/d3-shape-3.2.0.tgz. Extracting by manifest.
2203 silly tarball no local data for d3-ease@https://registry.npmjs.org/d3-ease/-/d3-ease-3.0.1.tgz. Extracting by manifest.
2204 silly tarball no local data for d3-scale@https://registry.npmjs.org/d3-scale/-/d3-scale-4.0.2.tgz. Extracting by manifest.
2205 silly tarball no local data for @types/d3-timer@https://registry.npmjs.org/@types/d3-timer/-/d3-timer-3.0.2.tgz. Extracting by manifest.
2206 silly tarball no local data for @types/d3-shape@https://registry.npmjs.org/@types/d3-shape/-/d3-shape-3.1.8.tgz. Extracting by manifest.
2207 silly tarball no local data for d3-array@https://registry.npmjs.org/d3-array/-/d3-array-3.2.4.tgz. Extracting by manifest.
2208 silly tarball no local data for d3-interpolate@https://registry.npmjs.org/d3-interpolate/-/d3-interpolate-3.0.1.tgz. Extracting by manifest.
2209 silly tarball no local data for @types/d3-scale@https://registry.npmjs.org/@types/d3-scale/-/d3-scale-4.0.9.tgz. Extracting by manifest.
2210 silly tarball no local data for escalade@https://registry.npmjs.org/escalade/-/escalade-3.2.0.tgz. Extracting by manifest.
2211 silly tarball no local data for @types/d3-interpolate@https://registry.npmjs.org/@types/d3-interpolate/-/d3-interpolate-3.0.4.tgz. Extracting by manifest.
2212 silly tarball no local data for @types/d3-ease@https://registry.npmjs.org/@types/d3-ease/-/d3-ease-3.0.2.tgz. Extracting by manifest.
2213 silly tarball no local data for @types/d3-time@https://registry.npmjs.org/@types/d3-time/-/d3-time-3.0.4.tgz. Extracting by manifest.
2214 silly tarball no local data for @types/d3-array@https://registry.npmjs.org/@types/d3-array/-/d3-array-3.2.2.tgz. Extracting by manifest.
2215 silly tarball no local data for punycode@https://registry.npmjs.org/punycode/-/punycode-2.3.1.tgz. Extracting by manifest.
2216 silly tarball no local data for thenify@https://registry.npmjs.org/thenify/-/thenify-3.3.1.tgz. Extracting by manifest.
2217 http cache fdir@https://registry.npmjs.org/fdir/-/fdir-6.5.0.tgz 0ms (cache hit)
2218 silly tarball no local data for thenify-all@https://registry.npmjs.org/thenify-all/-/thenify-all-1.6.0.tgz. Extracting by manifest.
2219 silly tarball no local data for is-number@https://registry.npmjs.org/is-number/-/is-number-7.0.0.tgz. Extracting by manifest.
2220 silly tarball no local data for lines-and-columns@https://registry.npmjs.org/lines-and-columns/-/lines-and-columns-1.2.4.tgz. Extracting by manifest.
2221 silly tarball no local data for ts-interface-checker@https://registry.npmjs.org/ts-interface-checker/-/ts-interface-checker-0.1.13.tgz. Extracting by manifest.
2222 silly tarball no local data for tinyglobby@https://registry.npmjs.org/tinyglobby/-/tinyglobby-0.2.17.tgz. Extracting by manifest.
2223 http cache picomatch@https://registry.npmjs.org/picomatch/-/picomatch-4.0.5.tgz 0ms (cache hit)
2224 silly tarball no local data for any-promise@https://registry.npmjs.org/any-promise/-/any-promise-1.3.0.tgz. Extracting by manifest.
2225 silly tarball no local data for mz@https://registry.npmjs.org/mz/-/mz-2.7.0.tgz. Extracting by manifest.
2226 silly tarball no local data for commander@https://registry.npmjs.org/commander/-/commander-4.1.1.tgz. Extracting by manifest.
2227 silly tarball no local data for path-parse@https://registry.npmjs.org/path-parse/-/path-parse-1.0.7.tgz. Extracting by manifest.
2228 silly tarball no local data for supports-preserve-symlinks-flag@https://registry.npmjs.org/supports-preserve-symlinks-flag/-/supports-preserve-symlinks-flag-1.0.0.tgz. Extracting by manifest.
2229 silly tarball no local data for pirates@https://registry.npmjs.org/pirates/-/pirates-4.0.7.tgz. Extracting by manifest.
2230 silly tarball no local data for queue-microtask@https://registry.npmjs.org/queue-microtask/-/queue-microtask-1.2.3.tgz. Extracting by manifest.
2231 silly tarball no local data for util-deprecate@https://registry.npmjs.org/util-deprecate/-/util-deprecate-1.0.2.tgz. Extracting by manifest.
2232 silly tarball no local data for pify@https://registry.npmjs.org/pify/-/pify-2.3.0.tgz. Extracting by manifest.
2233 silly tarball no local data for camelcase-css@https://registry.npmjs.org/camelcase-css/-/camelcase-css-2.0.1.tgz. Extracting by manifest.
2234 silly tarball no local data for cssesc@https://registry.npmjs.org/cssesc/-/cssesc-3.0.0.tgz. Extracting by manifest.
2235 silly tarball no local data for is-core-module@https://registry.npmjs.org/is-core-module/-/is-core-module-2.16.2.tgz. Extracting by manifest.
2236 silly tarball no local data for binary-extensions@https://registry.npmjs.org/binary-extensions/-/binary-extensions-2.3.0.tgz. Extracting by manifest.
2237 silly tarball no local data for read-cache@https://registry.npmjs.org/read-cache/-/read-cache-1.0.0.tgz. Extracting by manifest.
2238 silly tarball no local data for to-regex-range@https://registry.npmjs.org/to-regex-range/-/to-regex-range-5.0.1.tgz. Extracting by manifest.
2239 silly tarball no local data for reusify@https://registry.npmjs.org/reusify/-/reusify-1.1.0.tgz. Extracting by manifest.
2240 silly tarball no local data for run-parallel@https://registry.npmjs.org/run-parallel/-/run-parallel-1.2.0.tgz. Extracting by manifest.
2241 silly tarball no local data for fastq@https://registry.npmjs.org/fastq/-/fastq-1.20.1.tgz. Extracting by manifest.
2242 silly tarball no local data for merge2@https://registry.npmjs.org/merge2/-/merge2-1.4.1.tgz. Extracting by manifest.
2243 silly tarball no local data for @nodelib/fs.walk@https://registry.npmjs.org/@nodelib/fs.walk/-/fs.walk-1.2.8.tgz. Extracting by manifest.
2244 silly tarball no local data for fill-range@https://registry.npmjs.org/fill-range/-/fill-range-7.1.1.tgz. Extracting by manifest.
2245 silly tarball no local data for @nodelib/fs.stat@https://registry.npmjs.org/@nodelib/fs.stat/-/fs.stat-2.0.5.tgz. Extracting by manifest.
2246 silly tarball no local data for @nodelib/fs.scandir@https://registry.npmjs.org/@nodelib/fs.scandir/-/fs.scandir-2.1.5.tgz. Extracting by manifest.
2247 silly tarball no local data for readdirp@https://registry.npmjs.org/readdirp/-/readdirp-3.6.0.tgz. Extracting by manifest.
2248 silly tarball no local data for picomatch@https://registry.npmjs.org/picomatch/-/picomatch-2.3.2.tgz. Extracting by manifest.
2249 silly tarball no local data for braces@https://registry.npmjs.org/braces/-/braces-3.0.3.tgz. Extracting by manifest.
2250 silly tarball no local data for is-binary-path@https://registry.npmjs.org/is-binary-path/-/is-binary-path-2.1.0.tgz. Extracting by manifest.
2251 silly tarball no local data for anymatch@https://registry.npmjs.org/anymatch/-/anymatch-3.1.3.tgz. Extracting by manifest.
2252 silly tarball no local data for sucrase@https://registry.npmjs.org/sucrase/-/sucrase-3.35.1.tgz. Extracting by manifest.
2253 silly tarball no local data for resolve@https://registry.npmjs.org/resolve/-/resolve-1.22.12.tgz. Extracting by manifest.
2254 silly tarball no local data for postcss-selector-parser@https://registry.npmjs.org/postcss-selector-parser/-/postcss-selector-parser-6.1.4.tgz. Extracting by manifest.
2255 silly tarball no local data for postcss-nested@https://registry.npmjs.org/postcss-nested/-/postcss-nested-6.2.0.tgz. Extracting by manifest.
2256 silly tarball no local data for postcss-load-config@https://registry.npmjs.org/postcss-load-config/-/postcss-load-config-6.0.1.tgz. Extracting by manifest.
2257 silly tarball no local data for postcss-import@https://registry.npmjs.org/postcss-import/-/postcss-import-15.1.0.tgz. Extracting by manifest.
2258 silly tarball no local data for postcss-js@https://registry.npmjs.org/postcss-js/-/postcss-js-4.1.0.tgz. Extracting by manifest.
2259 silly tarball no local data for normalize-path@https://registry.npmjs.org/normalize-path/-/normalize-path-3.0.0.tgz. Extracting by manifest.
2260 silly tarball no local data for micromatch@https://registry.npmjs.org/micromatch/-/micromatch-4.0.8.tgz. Extracting by manifest.
2261 silly tarball no local data for lilconfig@https://registry.npmjs.org/lilconfig/-/lilconfig-3.1.3.tgz. Extracting by manifest.
2262 silly tarball no local data for object-hash@https://registry.npmjs.org/object-hash/-/object-hash-3.0.0.tgz. Extracting by manifest.
2263 silly tarball no local data for jiti@https://registry.npmjs.org/jiti/-/jiti-1.21.7.tgz. Extracting by manifest.
2264 silly tarball no local data for dlv@https://registry.npmjs.org/dlv/-/dlv-1.1.3.tgz. Extracting by manifest.
2265 silly tarball no local data for fast-glob@https://registry.npmjs.org/fast-glob/-/fast-glob-3.3.3.tgz. Extracting by manifest.
2266 silly tarball no local data for didyoumean@https://registry.npmjs.org/didyoumean/-/didyoumean-1.2.2.tgz. Extracting by manifest.
2267 silly tarball no local data for chokidar@https://registry.npmjs.org/chokidar/-/chokidar-3.6.0.tgz. Extracting by manifest.
2268 silly tarball no local data for arg@https://registry.npmjs.org/arg/-/arg-5.0.2.tgz. Extracting by manifest.
2269 silly tarball no local data for has-flag@https://registry.npmjs.org/has-flag/-/has-flag-4.0.0.tgz. Extracting by manifest.
2270 silly tarball no local data for @babel/runtime@https://registry.npmjs.org/@babel/runtime/-/runtime-7.29.7.tgz. Extracting by manifest.
2271 silly tarball no local data for decimal.js-light@https://registry.npmjs.org/decimal.js-light/-/decimal.js-light-2.5.1.tgz. Extracting by manifest.
2272 silly tarball no local data for @alloc/quick-lru@https://registry.npmjs.org/@alloc/quick-lru/-/quick-lru-5.2.0.tgz. Extracting by manifest.
2273 silly tarball no local data for dom-helpers@https://registry.npmjs.org/dom-helpers/-/dom-helpers-5.2.1.tgz. Extracting by manifest.
2274 silly tarball no local data for shebang-regex@https://registry.npmjs.org/shebang-regex/-/shebang-regex-3.0.0.tgz. Extracting by manifest.
2275 silly tarball no local data for object-assign@https://registry.npmjs.org/object-assign/-/object-assign-4.1.1.tgz. Extracting by manifest.
2276 silly tarball no local data for react-transition-group@https://registry.npmjs.org/react-transition-group/-/react-transition-group-4.4.5.tgz. Extracting by manifest.
2277 silly tarball no local data for tiny-invariant@https://registry.npmjs.org/tiny-invariant/-/tiny-invariant-1.3.3.tgz. Extracting by manifest.
2278 silly tarball no local data for victory-vendor@https://registry.npmjs.org/victory-vendor/-/victory-vendor-36.9.2.tgz. Extracting by manifest.
2279 silly tarball no local data for prop-types@https://registry.npmjs.org/prop-types/-/prop-types-15.8.1.tgz. Extracting by manifest.
2280 silly tarball no local data for fast-equals@https://registry.npmjs.org/fast-equals/-/fast-equals-5.4.1.tgz. Extracting by manifest.
2281 silly tarball no local data for recharts-scale@https://registry.npmjs.org/recharts-scale/-/recharts-scale-0.4.5.tgz. Extracting by manifest.
2282 silly tarball no local data for react-smooth@https://registry.npmjs.org/react-smooth/-/react-smooth-4.0.4.tgz. Extracting by manifest.
2283 silly tarball no local data for eventemitter3@https://registry.npmjs.org/eventemitter3/-/eventemitter3-4.0.7.tgz. Extracting by manifest.
2284 silly tarball no local data for react-is@https://registry.npmjs.org/react-is/-/react-is-18.3.1.tgz. Extracting by manifest.
2285 silly tarball no local data for lodash@https://registry.npmjs.org/lodash/-/lodash-4.18.1.tgz. Extracting by manifest.
2286 silly tarball no local data for clsx@https://registry.npmjs.org/clsx/-/clsx-2.1.1.tgz. Extracting by manifest.
2287 silly tarball no local data for set-cookie-parser@https://registry.npmjs.org/set-cookie-parser/-/set-cookie-parser-2.7.2.tgz. Extracting by manifest.
2288 silly tarball no local data for source-map-js@https://registry.npmjs.org/source-map-js/-/source-map-js-1.2.1.tgz. Extracting by manifest.
2289 silly tarball no local data for goober@https://registry.npmjs.org/goober/-/goober-2.1.19.tgz. Extracting by manifest.
2290 silly tarball no local data for cookie@https://registry.npmjs.org/cookie/-/cookie-1.1.1.tgz. Extracting by manifest.
2291 silly tarball no local data for react-router@https://registry.npmjs.org/react-router/-/react-router-7.18.1.tgz. Extracting by manifest.
2292 silly tarball no local data for scheduler@https://registry.npmjs.org/scheduler/-/scheduler-0.23.2.tgz. Extracting by manifest.
2293 silly tarball no local data for p-limit@https://registry.npmjs.org/p-limit/-/p-limit-3.1.0.tgz. Extracting by manifest.
2294 silly tarball no local data for loose-envify@https://registry.npmjs.org/loose-envify/-/loose-envify-1.4.0.tgz. Extracting by manifest.
2295 silly tarball no local data for nanoid@https://registry.npmjs.org/nanoid/-/nanoid-3.3.16.tgz. Extracting by manifest.
2296 silly tarball no local data for callsites@https://registry.npmjs.org/callsites/-/callsites-3.1.0.tgz. Extracting by manifest.
2297 silly tarball no local data for yocto-queue@https://registry.npmjs.org/yocto-queue/-/yocto-queue-0.1.0.tgz. Extracting by manifest.
2298 silly tarball no local data for brace-expansion@https://registry.npmjs.org/brace-expansion/-/brace-expansion-1.1.16.tgz. Extracting by manifest.
2299 silly tarball no local data for fast-levenshtein@https://registry.npmjs.org/fast-levenshtein/-/fast-levenshtein-2.0.6.tgz. Extracting by manifest.
2300 silly tarball no local data for word-wrap@https://registry.npmjs.org/word-wrap/-/word-wrap-1.2.5.tgz. Extracting by manifest.
2301 silly tarball no local data for deep-is@https://registry.npmjs.org/deep-is/-/deep-is-0.1.4.tgz. Extracting by manifest.
2302 silly tarball no local data for mime-db@https://registry.npmjs.org/mime-db/-/mime-db-1.52.0.tgz. Extracting by manifest.
2303 silly tarball no local data for yallist@https://registry.npmjs.org/yallist/-/yallist-3.1.1.tgz. Extracting by manifest.
2304 silly tarball no local data for p-locate@https://registry.npmjs.org/p-locate/-/p-locate-5.0.0.tgz. Extracting by manifest.
2305 silly tarball no local data for concat-map@https://registry.npmjs.org/concat-map/-/concat-map-0.0.1.tgz. Extracting by manifest.
2306 silly tarball no local data for balanced-match@https://registry.npmjs.org/balanced-match/-/balanced-match-1.0.2.tgz. Extracting by manifest.
2307 silly tarball no local data for json-buffer@https://registry.npmjs.org/json-buffer/-/json-buffer-3.0.1.tgz. Extracting by manifest.
2308 silly tarball no local data for type-check@https://registry.npmjs.org/type-check/-/type-check-0.4.0.tgz. Extracting by manifest.
2309 silly tarball no local data for argparse@https://registry.npmjs.org/argparse/-/argparse-2.0.1.tgz. Extracting by manifest.
2310 silly tarball no local data for is-extglob@https://registry.npmjs.org/is-extglob/-/is-extglob-2.1.1.tgz. Extracting by manifest.
2311 silly tarball no local data for prelude-ls@https://registry.npmjs.org/prelude-ls/-/prelude-ls-1.2.1.tgz. Extracting by manifest.
2312 silly tarball no local data for agent-base@https://registry.npmjs.org/agent-base/-/agent-base-6.0.2.tgz. Extracting by manifest.
2313 silly tarball no local data for parent-module@https://registry.npmjs.org/parent-module/-/parent-module-1.0.1.tgz. Extracting by manifest.
2314 silly tarball no local data for resolve-from@https://registry.npmjs.org/resolve-from/-/resolve-from-4.0.0.tgz. Extracting by manifest.
2315 silly tarball no local data for dunder-proto@https://registry.npmjs.org/dunder-proto/-/dunder-proto-1.0.1.tgz. Extracting by manifest.
2316 silly tarball no local data for math-intrinsics@https://registry.npmjs.org/math-intrinsics/-/math-intrinsics-1.1.0.tgz. Extracting by manifest.
2317 silly tarball no local data for has-symbols@https://registry.npmjs.org/has-symbols/-/has-symbols-1.1.0.tgz. Extracting by manifest.
2318 silly tarball no local data for es-object-atoms@https://registry.npmjs.org/es-object-atoms/-/es-object-atoms-1.1.2.tgz. Extracting by manifest.
2319 silly tarball no local data for gopd@https://registry.npmjs.org/gopd/-/gopd-1.2.0.tgz. Extracting by manifest.
2320 silly tarball no local data for get-proto@https://registry.npmjs.org/get-proto/-/get-proto-1.0.1.tgz. Extracting by manifest.
2321 silly tarball no local data for function-bind@https://registry.npmjs.org/function-bind/-/function-bind-1.1.2.tgz. Extracting by manifest.
2322 silly tarball no local data for call-bind-apply-helpers@https://registry.npmjs.org/call-bind-apply-helpers/-/call-bind-apply-helpers-1.0.2.tgz. Extracting by manifest.
2323 silly tarball no local data for delayed-stream@https://registry.npmjs.org/delayed-stream/-/delayed-stream-1.0.0.tgz. Extracting by manifest.
2324 silly tarball no local data for has-tostringtag@https://registry.npmjs.org/has-tostringtag/-/has-tostringtag-1.0.2.tgz. Extracting by manifest.
2325 silly tarball no local data for es-define-property@https://registry.npmjs.org/es-define-property/-/es-define-property-1.0.1.tgz. Extracting by manifest.
2326 silly tarball no local data for get-intrinsic@https://registry.npmjs.org/get-intrinsic/-/get-intrinsic-1.3.0.tgz. Extracting by manifest.
2327 silly tarball no local data for hasown@https://registry.npmjs.org/hasown/-/hasown-2.0.4.tgz. Extracting by manifest.
2328 silly tarball no local data for es-errors@https://registry.npmjs.org/es-errors/-/es-errors-1.3.0.tgz. Extracting by manifest.
2329 silly tarball no local data for es-set-tostringtag@https://registry.npmjs.org/es-set-tostringtag/-/es-set-tostringtag-2.1.0.tgz. Extracting by manifest.
2330 silly tarball no local data for combined-stream@https://registry.npmjs.org/combined-stream/-/combined-stream-1.0.8.tgz. Extracting by manifest.
2331 silly tarball no local data for mime-types@https://registry.npmjs.org/mime-types/-/mime-types-2.1.35.tgz. Extracting by manifest.
2332 silly tarball no local data for keyv@https://registry.npmjs.org/keyv/-/keyv-4.5.4.tgz. Extracting by manifest.
2333 silly tarball no local data for flatted@https://registry.npmjs.org/flatted/-/flatted-3.4.3.tgz. Extracting by manifest.
2334 silly tarball no local data for asynckit@https://registry.npmjs.org/asynckit/-/asynckit-0.4.0.tgz. Extracting by manifest.
2335 silly tarball no local data for locate-path@https://registry.npmjs.org/locate-path/-/locate-path-6.0.0.tgz. Extracting by manifest.
2336 silly tarball no local data for path-exists@https://registry.npmjs.org/path-exists/-/path-exists-4.0.0.tgz. Extracting by manifest.
2337 silly tarball no local data for flat-cache@https://registry.npmjs.org/flat-cache/-/flat-cache-4.0.1.tgz. Extracting by manifest.
2338 silly tarball no local data for estraverse@https://registry.npmjs.org/estraverse/-/estraverse-5.3.0.tgz. Extracting by manifest.
2339 silly tarball no local data for acorn@https://registry.npmjs.org/acorn/-/acorn-8.17.0.tgz. Extracting by manifest.
2340 silly tarball no local data for which@https://registry.npmjs.org/which/-/which-2.0.2.tgz. Extracting by manifest.
2341 silly tarball no local data for esrecurse@https://registry.npmjs.org/esrecurse/-/esrecurse-4.3.0.tgz. Extracting by manifest.
2342 silly tarball no local data for shebang-command@https://registry.npmjs.org/shebang-command/-/shebang-command-2.0.0.tgz. Extracting by manifest.
2343 silly tarball no local data for acorn-jsx@https://registry.npmjs.org/acorn-jsx/-/acorn-jsx-5.3.2.tgz. Extracting by manifest.
2344 silly tarball no local data for color-name@https://registry.npmjs.org/color-name/-/color-name-1.1.4.tgz. Extracting by manifest.
2345 silly tarball no local data for path-key@https://registry.npmjs.org/path-key/-/path-key-3.1.1.tgz. Extracting by manifest.
2346 silly tarball no local data for color-convert@https://registry.npmjs.org/color-convert/-/color-convert-2.0.1.tgz. Extracting by manifest.
2347 silly tarball no local data for uri-js@https://registry.npmjs.org/uri-js/-/uri-js-4.4.1.tgz. Extracting by manifest.
2348 silly tarball no local data for ansi-styles@https://registry.npmjs.org/ansi-styles/-/ansi-styles-4.3.0.tgz. Extracting by manifest.
2349 silly tarball no local data for json-schema-traverse@https://registry.npmjs.org/json-schema-traverse/-/json-schema-traverse-0.4.1.tgz. Extracting by manifest.
2350 silly tarball no local data for supports-color@https://registry.npmjs.org/supports-color/-/supports-color-7.2.0.tgz. Extracting by manifest.
2351 silly tarball no local data for levn@https://registry.npmjs.org/levn/-/levn-0.4.1.tgz. Extracting by manifest.
2352 silly tarball no local data for strip-json-comments@https://registry.npmjs.org/strip-json-comments/-/strip-json-comments-3.1.1.tgz. Extracting by manifest.
2353 silly tarball no local data for fast-json-stable-stringify@https://registry.npmjs.org/fast-json-stable-stringify/-/fast-json-stable-stringify-2.1.0.tgz. Extracting by manifest.
2354 silly tarball no local data for @eslint/object-schema@https://registry.npmjs.org/@eslint/object-schema/-/object-schema-2.1.7.tgz. Extracting by manifest.
2355 silly tarball no local data for @humanfs/core@https://registry.npmjs.org/@humanfs/core/-/core-0.19.2.tgz. Extracting by manifest.
2356 silly tarball no local data for @humanfs/types@https://registry.npmjs.org/@humanfs/types/-/types-0.15.0.tgz. Extracting by manifest.
2357 silly tarball no local data for js-yaml@https://registry.npmjs.org/js-yaml/-/js-yaml-4.3.0.tgz. Extracting by manifest.
2358 silly tarball no local data for natural-compare@https://registry.npmjs.org/natural-compare/-/natural-compare-1.4.0.tgz. Extracting by manifest.
2359 silly tarball no local data for optionator@https://registry.npmjs.org/optionator/-/optionator-0.9.4.tgz. Extracting by manifest.
2360 silly tarball no local data for @types/json-schema@https://registry.npmjs.org/@types/json-schema/-/json-schema-7.0.15.tgz. Extracting by manifest.
2361 silly tarball no local data for is-glob@https://registry.npmjs.org/is-glob/-/is-glob-4.0.3.tgz. Extracting by manifest.
2362 silly tarball no local data for minimatch@https://registry.npmjs.org/minimatch/-/minimatch-3.1.5.tgz. Extracting by manifest.
2363 silly tarball no local data for import-fresh@https://registry.npmjs.org/import-fresh/-/import-fresh-3.3.1.tgz. Extracting by manifest.
2364 silly tarball no local data for json-stable-stringify-without-jsonify@https://registry.npmjs.org/json-stable-stringify-without-jsonify/-/json-stable-stringify-without-jsonify-1.0.1.tgz. Extracting by manifest.
2365 silly tarball no local data for imurmurhash@https://registry.npmjs.org/imurmurhash/-/imurmurhash-0.1.4.tgz. Extracting by manifest.
2366 silly tarball no local data for lodash.merge@https://registry.npmjs.org/lodash.merge/-/lodash.merge-4.6.2.tgz. Extracting by manifest.
2367 silly tarball no local data for file-entry-cache@https://registry.npmjs.org/file-entry-cache/-/file-entry-cache-8.0.0.tgz. Extracting by manifest.
2368 silly tarball no local data for glob-parent@https://registry.npmjs.org/glob-parent/-/glob-parent-6.0.2.tgz. Extracting by manifest.
2369 silly tarball no local data for find-up@https://registry.npmjs.org/find-up/-/find-up-5.0.0.tgz. Extracting by manifest.
2370 silly tarball no local data for esutils@https://registry.npmjs.org/esutils/-/esutils-2.0.3.tgz. Extracting by manifest.
2371 silly tarball no local data for fast-deep-equal@https://registry.npmjs.org/fast-deep-equal/-/fast-deep-equal-3.1.3.tgz. Extracting by manifest.
2372 silly tarball no local data for eslint-visitor-keys@https://registry.npmjs.org/eslint-visitor-keys/-/eslint-visitor-keys-4.2.1.tgz. Extracting by manifest.
2373 silly tarball no local data for ignore@https://registry.npmjs.org/ignore/-/ignore-5.3.2.tgz. Extracting by manifest.
2374 silly tarball no local data for escape-string-regexp@https://registry.npmjs.org/escape-string-regexp/-/escape-string-regexp-4.0.0.tgz. Extracting by manifest.
2375 silly tarball no local data for esquery@https://registry.npmjs.org/esquery/-/esquery-1.7.0.tgz. Extracting by manifest.
2376 silly tarball no local data for espree@https://registry.npmjs.org/espree/-/espree-10.4.0.tgz. Extracting by manifest.
2377 silly tarball no local data for chalk@https://registry.npmjs.org/chalk/-/chalk-4.1.2.tgz. Extracting by manifest.
2378 silly tarball no local data for @types/estree@https://registry.npmjs.org/@types/estree/-/estree-1.0.9.tgz. Extracting by manifest.
2379 silly tarball no local data for eslint-scope@https://registry.npmjs.org/eslint-scope/-/eslint-scope-8.4.0.tgz. Extracting by manifest.
2380 silly tarball no local data for ajv@https://registry.npmjs.org/ajv/-/ajv-6.15.0.tgz. Extracting by manifest.
2381 silly tarball no local data for @eslint/plugin-kit@https://registry.npmjs.org/@eslint/plugin-kit/-/plugin-kit-0.4.1.tgz. Extracting by manifest.
2382 silly tarball no local data for cross-spawn@https://registry.npmjs.org/cross-spawn/-/cross-spawn-7.0.6.tgz. Extracting by manifest.
2383 silly tarball no local data for @eslint/core@https://registry.npmjs.org/@eslint/core/-/core-0.17.0.tgz. Extracting by manifest.
2384 silly tarball no local data for @humanfs/node@https://registry.npmjs.org/@humanfs/node/-/node-0.16.8.tgz. Extracting by manifest.
2385 silly tarball no local data for @humanwhocodes/retry@https://registry.npmjs.org/@humanwhocodes/retry/-/retry-0.4.3.tgz. Extracting by manifest.
2386 silly tarball no local data for ms@https://registry.npmjs.org/ms/-/ms-2.1.3.tgz. Extracting by manifest.
2387 silly tarball no local data for @humanwhocodes/module-importer@https://registry.npmjs.org/@humanwhocodes/module-importer/-/module-importer-1.0.1.tgz. Extracting by manifest.
2388 silly tarball no local data for @eslint/config-helpers@https://registry.npmjs.org/@eslint/config-helpers/-/config-helpers-0.4.2.tgz. Extracting by manifest.
2389 silly tarball no local data for update-browserslist-db@https://registry.npmjs.org/update-browserslist-db/-/update-browserslist-db-1.2.3.tgz. Extracting by manifest.
2390 silly tarball no local data for @eslint/config-array@https://registry.npmjs.org/@eslint/config-array/-/config-array-0.21.2.tgz. Extracting by manifest.
2391 silly tarball no local data for node-releases@https://registry.npmjs.org/node-releases/-/node-releases-2.0.51.tgz. Extracting by manifest.
2392 silly tarball no local data for electron-to-chromium@https://registry.npmjs.org/electron-to-chromium/-/electron-to-chromium-1.5.396.tgz. Extracting by manifest.
2393 silly tarball no local data for @eslint/eslintrc@https://registry.npmjs.org/@eslint/eslintrc/-/eslintrc-3.3.6.tgz. Extracting by manifest.
2394 silly tarball no local data for @eslint-community/regexpp@https://registry.npmjs.org/@eslint-community/regexpp/-/regexpp-4.12.2.tgz. Extracting by manifest.
2395 silly tarball no local data for proxy-from-env@https://registry.npmjs.org/proxy-from-env/-/proxy-from-env-2.1.0.tgz. Extracting by manifest.
2396 silly tarball no local data for @eslint-community/eslint-utils@https://registry.npmjs.org/@eslint-community/eslint-utils/-/eslint-utils-4.10.1.tgz. Extracting by manifest.
2397 silly tarball no local data for baseline-browser-mapping@https://registry.npmjs.org/baseline-browser-mapping/-/baseline-browser-mapping-2.11.4.tgz. Extracting by manifest.
2398 silly tarball no local data for https-proxy-agent@https://registry.npmjs.org/https-proxy-agent/-/https-proxy-agent-5.0.1.tgz. Extracting by manifest.
2399 silly tarball no local data for form-data@https://registry.npmjs.org/form-data/-/form-data-4.0.6.tgz. Extracting by manifest.
2400 silly tarball no local data for @types/babel__template@https://registry.npmjs.org/@types/babel__template/-/babel__template-7.4.4.tgz. Extracting by manifest.
2401 silly tarball no local data for follow-redirects@https://registry.npmjs.org/follow-redirects/-/follow-redirects-1.16.0.tgz. Extracting by manifest.
2402 silly tarball no local data for postcss-value-parser@https://registry.npmjs.org/postcss-value-parser/-/postcss-value-parser-4.2.0.tgz. Extracting by manifest.
2403 silly tarball no local data for caniuse-lite@https://registry.npmjs.org/caniuse-lite/-/caniuse-lite-1.0.30001806.tgz. Extracting by manifest.
2404 silly tarball no local data for fraction.js@https://registry.npmjs.org/fraction.js/-/fraction.js-5.3.4.tgz. Extracting by manifest.
2405 silly tarball no local data for @types/babel__traverse@https://registry.npmjs.org/@types/babel__traverse/-/babel__traverse-7.28.0.tgz. Extracting by manifest.
2406 silly tarball no local data for @babel/helper-string-parser@https://registry.npmjs.org/@babel/helper-string-parser/-/helper-string-parser-7.29.7.tgz. Extracting by manifest.
2407 silly tarball no local data for @jridgewell/resolve-uri@https://registry.npmjs.org/@jridgewell/resolve-uri/-/resolve-uri-3.1.2.tgz. Extracting by manifest.
2408 silly tarball no local data for @jridgewell/sourcemap-codec@https://registry.npmjs.org/@jridgewell/sourcemap-codec/-/sourcemap-codec-1.5.5.tgz. Extracting by manifest.
2409 silly tarball no local data for @types/babel__generator@https://registry.npmjs.org/@types/babel__generator/-/babel__generator-7.27.0.tgz. Extracting by manifest.
2410 silly tarball no local data for browserslist@https://registry.npmjs.org/browserslist/-/browserslist-4.28.7.tgz. Extracting by manifest.
2411 silly tarball no local data for jsesc@https://registry.npmjs.org/jsesc/-/jsesc-3.1.0.tgz. Extracting by manifest.
2412 silly tarball no local data for @babel/helper-module-imports@https://registry.npmjs.org/@babel/helper-module-imports/-/helper-module-imports-7.29.7.tgz. Extracting by manifest.
2413 silly tarball no local data for @babel/helper-globals@https://registry.npmjs.org/@babel/helper-globals/-/helper-globals-7.29.7.tgz. Extracting by manifest.
2414 silly tarball no local data for @babel/helper-plugin-utils@https://registry.npmjs.org/@babel/helper-plugin-utils/-/helper-plugin-utils-7.29.7.tgz. Extracting by manifest.
2415 silly tarball no local data for lru-cache@https://registry.npmjs.org/lru-cache/-/lru-cache-5.1.1.tgz. Extracting by manifest.
2416 silly tarball no local data for @jridgewell/gen-mapping@https://registry.npmjs.org/@jridgewell/gen-mapping/-/gen-mapping-0.3.13.tgz. Extracting by manifest.
2417 silly tarball no local data for @babel/helper-validator-option@https://registry.npmjs.org/@babel/helper-validator-option/-/helper-validator-option-7.29.7.tgz. Extracting by manifest.
2418 silly tarball no local data for @babel/compat-data@https://registry.npmjs.org/@babel/compat-data/-/compat-data-7.29.7.tgz. Extracting by manifest.
2419 silly tarball no local data for @jridgewell/trace-mapping@https://registry.npmjs.org/@jridgewell/trace-mapping/-/trace-mapping-0.3.31.tgz. Extracting by manifest.
2420 silly tarball no local data for picocolors@https://registry.npmjs.org/picocolors/-/picocolors-1.1.1.tgz. Extracting by manifest.
2421 silly tarball no local data for semver@https://registry.npmjs.org/semver/-/semver-6.3.1.tgz. Extracting by manifest.
2422 silly tarball no local data for js-tokens@https://registry.npmjs.org/js-tokens/-/js-tokens-4.0.0.tgz. Extracting by manifest.
2423 silly tarball no local data for @babel/helper-validator-identifier@https://registry.npmjs.org/@babel/helper-validator-identifier/-/helper-validator-identifier-7.29.7.tgz. Extracting by manifest.
2424 silly tarball no local data for json5@https://registry.npmjs.org/json5/-/json5-2.2.3.tgz. Extracting by manifest.
2425 silly tarball no local data for @babel/types@https://registry.npmjs.org/@babel/types/-/types-7.29.7.tgz. Extracting by manifest.
2426 silly tarball no local data for debug@https://registry.npmjs.org/debug/-/debug-4.4.3.tgz. Extracting by manifest.
2427 silly tarball no local data for gensync@https://registry.npmjs.org/gensync/-/gensync-1.0.0-beta.2.tgz. Extracting by manifest.
2428 silly tarball no local data for @babel/traverse@https://registry.npmjs.org/@babel/traverse/-/traverse-7.29.7.tgz. Extracting by manifest.
2429 silly tarball no local data for @babel/parser@https://registry.npmjs.org/@babel/parser/-/parser-7.29.7.tgz. Extracting by manifest.
2430 silly tarball no local data for @jridgewell/remapping@https://registry.npmjs.org/@jridgewell/remapping/-/remapping-2.3.5.tgz. Extracting by manifest.
2431 silly tarball no local data for convert-source-map@https://registry.npmjs.org/convert-source-map/-/convert-source-map-2.0.0.tgz. Extracting by manifest.
2432 silly tarball no local data for @babel/template@https://registry.npmjs.org/@babel/template/-/template-7.29.7.tgz. Extracting by manifest.
2433 silly tarball no local data for @babel/helpers@https://registry.npmjs.org/@babel/helpers/-/helpers-7.29.7.tgz. Extracting by manifest.
2434 silly tarball no local data for @babel/generator@https://registry.npmjs.org/@babel/generator/-/generator-7.29.7.tgz. Extracting by manifest.
2435 silly tarball no local data for @babel/code-frame@https://registry.npmjs.org/@babel/code-frame/-/code-frame-7.29.7.tgz. Extracting by manifest.
2436 silly tarball no local data for @babel/helper-compilation-targets@https://registry.npmjs.org/@babel/helper-compilation-targets/-/helper-compilation-targets-7.29.7.tgz. Extracting by manifest.
2437 silly tarball no local data for @babel/helper-module-transforms@https://registry.npmjs.org/@babel/helper-module-transforms/-/helper-module-transforms-7.29.7.tgz. Extracting by manifest.
2438 silly tarball no local data for react-refresh@https://registry.npmjs.org/react-refresh/-/react-refresh-0.17.0.tgz. Extracting by manifest.
2439 silly tarball no local data for @types/babel__core@https://registry.npmjs.org/@types/babel__core/-/babel__core-7.20.5.tgz. Extracting by manifest.
2440 silly tarball no local data for @babel/plugin-transform-react-jsx-self@https://registry.npmjs.org/@babel/plugin-transform-react-jsx-self/-/plugin-transform-react-jsx-self-7.29.7.tgz. Extracting by manifest.
2441 silly tarball no local data for @babel/plugin-transform-react-jsx-source@https://registry.npmjs.org/@babel/plugin-transform-react-jsx-source/-/plugin-transform-react-jsx-source-7.29.7.tgz. Extracting by manifest.
2442 silly tarball no local data for csstype@https://registry.npmjs.org/csstype/-/csstype-3.2.3.tgz. Extracting by manifest.
2443 silly tarball no local data for @rolldown/pluginutils@https://registry.npmjs.org/@rolldown/pluginutils/-/pluginutils-1.0.0-beta.27.tgz. Extracting by manifest.
2444 silly tarball no local data for @babel/core@https://registry.npmjs.org/@babel/core/-/core-7.29.7.tgz. Extracting by manifest.
2445 silly tarball no local data for tailwindcss@https://registry.npmjs.org/tailwindcss/-/tailwindcss-3.4.19.tgz. Extracting by manifest.
2446 silly tarball no local data for @types/prop-types@https://registry.npmjs.org/@types/prop-types/-/prop-types-15.7.15.tgz. Extracting by manifest.
2447 silly tarball no local data for recharts@https://registry.npmjs.org/recharts/-/recharts-2.15.4.tgz. Extracting by manifest.
2448 silly tarball no local data for react-dom@https://registry.npmjs.org/react-dom/-/react-dom-18.3.1.tgz. Extracting by manifest.
2449 silly tarball no local data for prettier@https://registry.npmjs.org/prettier/-/prettier-3.9.6.tgz. Extracting by manifest.
2450 silly tarball no local data for react-hot-toast@https://registry.npmjs.org/react-hot-toast/-/react-hot-toast-2.6.0.tgz. Extracting by manifest.
2451 silly tarball no local data for eslint-plugin-react-refresh@https://registry.npmjs.org/eslint-plugin-react-refresh/-/eslint-plugin-react-refresh-0.4.26.tgz. Extracting by manifest.
2452 silly tarball no local data for lucide-react@https://registry.npmjs.org/lucide-react/-/lucide-react-0.468.0.tgz. Extracting by manifest.
2453 silly tarball no local data for react-router-dom@https://registry.npmjs.org/react-router-dom/-/react-router-dom-7.18.1.tgz. Extracting by manifest.
2454 silly tarball no local data for globals@https://registry.npmjs.org/globals/-/globals-15.15.0.tgz. Extracting by manifest.
2455 silly tarball no local data for eslint-plugin-react-hooks@https://registry.npmjs.org/eslint-plugin-react-hooks/-/eslint-plugin-react-hooks-5.2.0.tgz. Extracting by manifest.
2456 silly tarball no local data for eslint@https://registry.npmjs.org/eslint/-/eslint-9.39.5.tgz. Extracting by manifest.
2457 silly tarball no local data for @types/react@https://registry.npmjs.org/@types/react/-/react-18.3.31.tgz. Extracting by manifest.
2458 silly tarball no local data for postcss@https://registry.npmjs.org/postcss/-/postcss-8.5.23.tgz. Extracting by manifest.
2459 silly tarball no local data for axios@https://registry.npmjs.org/axios/-/axios-1.18.1.tgz. Extracting by manifest.
2460 silly tarball no local data for @types/react-dom@https://registry.npmjs.org/@types/react-dom/-/react-dom-18.3.7.tgz. Extracting by manifest.
2461 silly tarball no local data for @eslint/js@https://registry.npmjs.org/@eslint/js/-/js-9.39.5.tgz. Extracting by manifest.
2462 silly tarball no local data for @vitejs/plugin-react@https://registry.npmjs.org/@vitejs/plugin-react/-/plugin-react-4.7.0.tgz. Extracting by manifest.
2463 silly tarball no local data for autoprefixer@https://registry.npmjs.org/autoprefixer/-/autoprefixer-10.5.4.tgz. Extracting by manifest.
2464 silly tarball no local data for vite@https://registry.npmjs.org/vite/-/vite-6.4.3.tgz. Extracting by manifest.
2465 silly tarball no local data for react@https://registry.npmjs.org/react/-/react-18.3.1.tgz. Extracting by manifest.
2466 silly tarball no local data for react-hook-form@https://registry.npmjs.org/react-hook-form/-/react-hook-form-7.83.0.tgz. Extracting by manifest.
2467 silly tarball no local data for picomatch@https://registry.npmjs.org/picomatch/-/picomatch-4.0.5.tgz. Extracting by manifest.
2468 silly tarball no local data for fdir@https://registry.npmjs.org/fdir/-/fdir-6.5.0.tgz. Extracting by manifest.
2469 silly tarball no local data for @hookform/resolvers@https://registry.npmjs.org/@hookform/resolvers/-/resolvers-3.10.0.tgz. Extracting by manifest.
2470 silly tarball no local data for glob-parent@https://registry.npmjs.org/glob-parent/-/glob-parent-5.1.2.tgz. Extracting by manifest.
2471 silly tarball no local data for globals@https://registry.npmjs.org/globals/-/globals-14.0.0.tgz. Extracting by manifest.
2472 silly tarball no local data for react-is@https://registry.npmjs.org/react-is/-/react-is-16.13.1.tgz. Extracting by manifest.
2473 silly tarball no local data for eslint-visitor-keys@https://registry.npmjs.org/eslint-visitor-keys/-/eslint-visitor-keys-3.4.3.tgz. Extracting by manifest.
2474 silly tarball no local data for glob-parent@https://registry.npmjs.org/glob-parent/-/glob-parent-5.1.2.tgz. Extracting by manifest.
2475 silly tarball no local data for fdir@https://registry.npmjs.org/fdir/-/fdir-6.5.0.tgz. Extracting by manifest.
2476 silly tarball no local data for picomatch@https://registry.npmjs.org/picomatch/-/picomatch-4.0.5.tgz. Extracting by manifest.
2477 http fetch POST 200 https://registry.npmjs.org/-/npm/v1/security/advisories/bulk 662ms
2478 silly audit report {
2478 silly audit report   'brace-expansion': [
2478 silly audit report     {
2478 silly audit report       id: 1124334,
2478 silly audit report       url: 'https://github.com/advisories/GHSA-mh99-v99m-4gvg',
2478 silly audit report       title: 'brace-expansion: DoS via unbounded expansion length causing an out-of-memory process crash',
2478 silly audit report       severity: 'high',
2478 silly audit report       vulnerable_versions: '<=5.0.7',
2478 silly audit report       cwe: [Array],
2478 silly audit report       cvss: [Object]
2478 silly audit report     }
2478 silly audit report   ],
2478 silly audit report   'react-router': [
2478 silly audit report     {
2478 silly audit report       id: 1124282,
2478 silly audit report       url: 'https://github.com/advisories/GHSA-qwww-vcr4-c8h2',
2478 silly audit report       title: 'React Router: RSC Mode CSRF Bypass Allows Action Execution Before 400 Response',
2478 silly audit report       severity: 'high',
2478 silly audit report       vulnerable_versions: '>=7.12.0 <8.3.0',
2478 silly audit report       cwe: [Array],
2478 silly audit report       cvss: [Object]
2478 silly audit report     }
2478 silly audit report   ]
2478 silly audit report }
2479 silly packumentCache corgi:https://registry.npmjs.org/brace-expansion cache-miss
2480 silly packumentCache corgi:https://registry.npmjs.org/react-router cache-miss
2481 http fetch GET 200 https://registry.npmjs.org/isexe/-/isexe-2.0.0.tgz 684ms (cache miss)
2482 http fetch GET 200 https://registry.npmjs.org/d3-color/-/d3-color-3.1.0.tgz 676ms (cache miss)
2483 http fetch GET 200 https://registry.npmjs.org/d3-format/-/d3-format-3.1.2.tgz 682ms (cache miss)
2484 http fetch GET 200 https://registry.npmjs.org/d3-path/-/d3-path-3.1.0.tgz 764ms (cache miss)
2485 http fetch GET 200 https://registry.npmjs.org/d3-ease/-/d3-ease-3.0.1.tgz 1184ms (cache miss)
2486 http fetch GET 200 https://registry.npmjs.org/punycode/-/punycode-2.3.1.tgz 1176ms (cache miss)
2487 http fetch GET 200 https://registry.npmjs.org/@types/d3-timer/-/d3-timer-3.0.2.tgz 1186ms (cache miss)
2488 http fetch GET 200 https://registry.npmjs.org/@types/d3-time/-/d3-time-3.0.4.tgz 1185ms (cache miss)
2489 http fetch GET 200 https://registry.npmjs.org/thenify/-/thenify-3.3.1.tgz 1285ms (cache miss)
2490 http fetch GET 200 https://registry.npmjs.org/thenify-all/-/thenify-all-1.6.0.tgz 1284ms (cache miss)
2491 http fetch GET 200 https://registry.npmjs.org/escalade/-/escalade-3.2.0.tgz 1294ms (cache miss)
2492 http fetch GET 200 https://registry.npmjs.org/@types/d3-ease/-/d3-ease-3.0.2.tgz 1333ms (cache miss)
2493 http fetch GET 200 https://registry.npmjs.org/lines-and-columns/-/lines-and-columns-1.2.4.tgz 1327ms (cache miss)
2494 http fetch GET 200 https://registry.npmjs.org/ts-interface-checker/-/ts-interface-checker-0.1.13.tgz 1328ms (cache miss)
2495 http fetch GET 200 https://registry.npmjs.org/is-number/-/is-number-7.0.0.tgz 1331ms (cache miss)
2496 http fetch GET 200 https://registry.npmjs.org/any-promise/-/any-promise-1.3.0.tgz 1403ms (cache miss)
2497 http fetch GET 200 https://registry.npmjs.org/tinyglobby/-/tinyglobby-0.2.17.tgz 1405ms (cache miss)
2498 http fetch GET 200 https://registry.npmjs.org/@types/d3-array/-/d3-array-3.2.2.tgz 1466ms (cache miss)
2499 http fetch GET 200 https://registry.npmjs.org/@types/d3-color/-/d3-color-3.1.3.tgz 1556ms (cache miss)
2500 http fetch GET 200 https://registry.npmjs.org/@types/d3-shape/-/d3-shape-3.1.8.tgz 1553ms (cache miss)
2501 http fetch GET 200 https://registry.npmjs.org/mz/-/mz-2.7.0.tgz 1541ms (cache miss)
2502 http fetch GET 200 https://registry.npmjs.org/path-parse/-/path-parse-1.0.7.tgz 1540ms (cache miss)
2503 http fetch GET 200 https://registry.npmjs.org/cssesc/-/cssesc-3.0.0.tgz 1536ms (cache miss)
2504 http fetch GET 200 https://registry.npmjs.org/to-regex-range/-/to-regex-range-5.0.1.tgz 1534ms (cache miss)
2505 http fetch GET 200 https://registry.npmjs.org/run-parallel/-/run-parallel-1.2.0.tgz 1536ms (cache miss)
2506 http fetch GET 200 https://registry.npmjs.org/supports-preserve-symlinks-flag/-/supports-preserve-symlinks-flag-1.0.0.tgz 1592ms (cache miss)
2507 http fetch GET 200 https://registry.npmjs.org/util-deprecate/-/util-deprecate-1.0.2.tgz 1590ms (cache miss)
2508 http fetch GET 200 https://registry.npmjs.org/pify/-/pify-2.3.0.tgz 1591ms (cache miss)
2509 http fetch GET 200 https://registry.npmjs.org/is-core-module/-/is-core-module-2.16.2.tgz 1591ms (cache miss)
2510 http fetch GET 200 https://registry.npmjs.org/fill-range/-/fill-range-7.1.1.tgz 1587ms (cache miss)
2511 http fetch GET 200 https://registry.npmjs.org/@types/d3-scale/-/d3-scale-4.0.9.tgz 1669ms (cache miss)
2512 http fetch GET 200 https://registry.npmjs.org/@types/d3-path/-/d3-path-3.1.1.tgz 1677ms (cache miss)
2513 http fetch GET 200 https://registry.npmjs.org/read-cache/-/read-cache-1.0.0.tgz 1651ms (cache miss)
2514 http fetch GET 200 https://registry.npmjs.org/binary-extensions/-/binary-extensions-2.3.0.tgz 1654ms (cache miss)
2515 http fetch GET 200 https://registry.npmjs.org/@nodelib/fs.scandir/-/fs.scandir-2.1.5.tgz 1649ms (cache miss)
2516 http fetch GET 200 https://registry.npmjs.org/fastq/-/fastq-1.20.1.tgz 1653ms (cache miss)
2517 http fetch GET 200 https://registry.npmjs.org/camelcase-css/-/camelcase-css-2.0.1.tgz 1794ms (cache miss)
2518 http fetch GET 200 https://registry.npmjs.org/queue-microtask/-/queue-microtask-1.2.3.tgz 1797ms (cache miss)
2519 http fetch GET 200 https://registry.npmjs.org/merge2/-/merge2-1.4.1.tgz 1789ms (cache miss)
2520 http fetch GET 200 https://registry.npmjs.org/is-binary-path/-/is-binary-path-2.1.0.tgz 1786ms (cache miss)
2521 http fetch GET 200 https://registry.npmjs.org/anymatch/-/anymatch-3.1.3.tgz 1787ms (cache miss)
2522 http fetch GET 200 https://registry.npmjs.org/didyoumean/-/didyoumean-1.2.2.tgz 1986ms (cache miss)
2523 http fetch GET 200 https://registry.npmjs.org/dlv/-/dlv-1.1.3.tgz 1989ms (cache miss)
2524 http fetch GET 200 https://registry.npmjs.org/has-flag/-/has-flag-4.0.0.tgz 1988ms (cache miss)
2525 http fetch GET 200 https://registry.npmjs.org/lilconfig/-/lilconfig-3.1.3.tgz 2000ms (cache miss)
2526 http fetch GET 200 https://registry.npmjs.org/postcss-import/-/postcss-import-15.1.0.tgz 2004ms (cache miss)
2527 http fetch GET 200 https://registry.npmjs.org/@types/d3-interpolate/-/d3-interpolate-3.0.4.tgz 2072ms (cache miss)
2528 http fetch GET 200 https://registry.npmjs.org/shebang-regex/-/shebang-regex-3.0.0.tgz 2033ms (cache miss)
2529 http fetch GET 200 https://registry.npmjs.org/object-assign/-/object-assign-4.1.1.tgz 2040ms (cache miss)
2530 http fetch GET 200 https://registry.npmjs.org/tiny-invariant/-/tiny-invariant-1.3.3.tgz 2039ms (cache miss)
2531 http fetch GET 200 https://registry.npmjs.org/postcss-load-config/-/postcss-load-config-6.0.1.tgz 2055ms (cache miss)
2532 http fetch GET 200 https://registry.npmjs.org/react-is/-/react-is-18.3.1.tgz 2039ms (cache miss)
2533 http fetch GET 200 https://registry.npmjs.org/nanoid/-/nanoid-3.3.16.tgz 2031ms (cache miss)
2534 http fetch GET 200 https://registry.npmjs.org/@nodelib/fs.walk/-/fs.walk-1.2.8.tgz 2068ms (cache miss)
2535 http fetch GET 200 https://registry.npmjs.org/fast-levenshtein/-/fast-levenshtein-2.0.6.tgz 2031ms (cache miss)
2536 http fetch GET 200 https://registry.npmjs.org/callsites/-/callsites-3.1.0.tgz 2034ms (cache miss)
2537 http fetch GET 200 https://registry.npmjs.org/deep-is/-/deep-is-0.1.4.tgz 2031ms (cache miss)
2538 http fetch GET 200 https://registry.npmjs.org/parent-module/-/parent-module-1.0.1.tgz 2023ms (cache miss)
2539 http fetch GET 200 https://registry.npmjs.org/concat-map/-/concat-map-0.0.1.tgz 2030ms (cache miss)
2540 http fetch GET 200 https://registry.npmjs.org/normalize-path/-/normalize-path-3.0.0.tgz 2064ms (cache miss)
2541 http fetch GET 200 https://registry.npmjs.org/yallist/-/yallist-3.1.1.tgz 2033ms (cache miss)
2542 http fetch GET 200 https://registry.npmjs.org/agent-base/-/agent-base-6.0.2.tgz 2028ms (cache miss)
2543 http fetch GET 200 https://registry.npmjs.org/is-extglob/-/is-extglob-2.1.1.tgz 2031ms (cache miss)
2544 http fetch GET 200 https://registry.npmjs.org/type-check/-/type-check-0.4.0.tgz 2033ms (cache miss)
2545 http fetch GET 200 https://registry.npmjs.org/delayed-stream/-/delayed-stream-1.0.0.tgz 2021ms (cache miss)
2546 http fetch GET 200 https://registry.npmjs.org/prelude-ls/-/prelude-ls-1.2.1.tgz 2033ms (cache miss)
2547 http fetch GET 200 https://registry.npmjs.org/es-object-atoms/-/es-object-atoms-1.1.2.tgz 2029ms (cache miss)
2548 http fetch GET 200 https://registry.npmjs.org/gopd/-/gopd-1.2.0.tgz 2029ms (cache miss)
2549 http fetch GET 200 https://registry.npmjs.org/es-define-property/-/es-define-property-1.0.1.tgz 2027ms (cache miss)
2550 http fetch GET 200 https://registry.npmjs.org/function-bind/-/function-bind-1.1.2.tgz 2032ms (cache miss)
2551 http fetch GET 200 https://registry.npmjs.org/has-tostringtag/-/has-tostringtag-1.0.2.tgz 2030ms (cache miss)
2552 http fetch GET 200 https://registry.npmjs.org/es-errors/-/es-errors-1.3.0.tgz 2029ms (cache miss)
2553 http fetch GET 200 https://registry.npmjs.org/path-exists/-/path-exists-4.0.0.tgz 2024ms (cache miss)
2554 http fetch GET 200 https://registry.npmjs.org/estraverse/-/estraverse-5.3.0.tgz 2024ms (cache miss)
2555 http fetch GET 200 https://registry.npmjs.org/mime-types/-/mime-types-2.1.35.tgz 2030ms (cache miss)
2556 http fetch GET 200 https://registry.npmjs.org/locate-path/-/locate-path-6.0.0.tgz 2028ms (cache miss)
2557 http fetch GET 200 https://registry.npmjs.org/color-convert/-/color-convert-2.0.1.tgz 2054ms (cache miss)
2558 http fetch GET 200 https://registry.npmjs.org/acorn-jsx/-/acorn-jsx-5.3.2.tgz 2056ms (cache miss)
2559 http fetch GET 200 https://registry.npmjs.org/color-name/-/color-name-1.1.4.tgz 2056ms (cache miss)
2560 http fetch GET 200 https://registry.npmjs.org/path-key/-/path-key-3.1.1.tgz 2056ms (cache miss)
2561 http fetch GET 200 https://registry.npmjs.org/fast-json-stable-stringify/-/fast-json-stable-stringify-2.1.0.tgz 2054ms (cache miss)
2562 http fetch GET 200 https://registry.npmjs.org/json-schema-traverse/-/json-schema-traverse-0.4.1.tgz 2060ms (cache miss)
2563 http fetch GET 200 https://registry.npmjs.org/@eslint/object-schema/-/object-schema-2.1.7.tgz 2058ms (cache miss)
2564 http fetch GET 200 https://registry.npmjs.org/minimatch/-/minimatch-3.1.5.tgz 2052ms (cache miss)
2565 http fetch GET 200 https://registry.npmjs.org/@humanfs/core/-/core-0.19.2.tgz 2059ms (cache miss)
2566 http fetch GET 200 https://registry.npmjs.org/imurmurhash/-/imurmurhash-0.1.4.tgz 2052ms (cache miss)
2567 http fetch GET 200 https://registry.npmjs.org/json-stable-stringify-without-jsonify/-/json-stable-stringify-without-jsonify-1.0.1.tgz 2055ms (cache miss)
2568 http fetch GET 200 https://registry.npmjs.org/eslint-visitor-keys/-/eslint-visitor-keys-4.2.1.tgz 2051ms (cache miss)
2569 http fetch GET 200 https://registry.npmjs.org/esutils/-/esutils-2.0.3.tgz 2055ms (cache miss)
2570 http fetch GET 200 https://registry.npmjs.org/ms/-/ms-2.1.3.tgz 2046ms (cache miss)
2571 http fetch GET 200 https://registry.npmjs.org/internmap/-/internmap-2.0.3.tgz 2194ms (cache miss)
2572 http fetch GET 200 https://registry.npmjs.org/postcss-js/-/postcss-js-4.1.0.tgz 2155ms (cache miss)
2573 http fetch GET 200 https://registry.npmjs.org/dunder-proto/-/dunder-proto-1.0.1.tgz 2117ms (cache miss)
2574 http fetch GET 200 https://registry.npmjs.org/@humanwhocodes/module-importer/-/module-importer-1.0.1.tgz 2096ms (cache miss)
2575 http fetch GET 200 https://registry.npmjs.org/arg/-/arg-5.0.2.tgz 2191ms (cache miss)
2576 http fetch GET 200 https://registry.npmjs.org/pirates/-/pirates-4.0.7.tgz 2221ms (cache miss)
2577 http fetch GET 200 https://registry.npmjs.org/postcss-nested/-/postcss-nested-6.2.0.tgz 2205ms (cache miss)
2578 http fetch GET 200 https://registry.npmjs.org/clsx/-/clsx-2.1.1.tgz 2187ms (cache miss)
2579 http fetch GET 200 https://registry.npmjs.org/set-cookie-parser/-/set-cookie-parser-2.7.2.tgz 2187ms (cache miss)
2580 http fetch GET 200 https://registry.npmjs.org/loose-envify/-/loose-envify-1.4.0.tgz 2183ms (cache miss)
2581 http fetch GET 200 https://registry.npmjs.org/yocto-queue/-/yocto-queue-0.1.0.tgz 2181ms (cache miss)
2582 http fetch GET 200 https://registry.npmjs.org/word-wrap/-/word-wrap-1.2.5.tgz 2179ms (cache miss)
2583 http fetch GET 200 https://registry.npmjs.org/json-buffer/-/json-buffer-3.0.1.tgz 2175ms (cache miss)
2584 http fetch GET 200 https://registry.npmjs.org/resolve-from/-/resolve-from-4.0.0.tgz 2171ms (cache miss)
2585 http fetch GET 200 https://registry.npmjs.org/p-locate/-/p-locate-5.0.0.tgz 2180ms (cache miss)
2586 http fetch GET 200 https://registry.npmjs.org/balanced-match/-/balanced-match-1.0.2.tgz 2179ms (cache miss)
2587 http fetch GET 200 https://registry.npmjs.org/math-intrinsics/-/math-intrinsics-1.1.0.tgz 2171ms (cache miss)
2588 http fetch GET 200 https://registry.npmjs.org/get-proto/-/get-proto-1.0.1.tgz 2169ms (cache miss)
2589 http fetch GET 200 https://registry.npmjs.org/call-bind-apply-helpers/-/call-bind-apply-helpers-1.0.2.tgz 2168ms (cache miss)
2590 http fetch GET 200 https://registry.npmjs.org/get-intrinsic/-/get-intrinsic-1.3.0.tgz 2164ms (cache miss)
2591 http fetch GET 200 https://registry.npmjs.org/flatted/-/flatted-3.4.3.tgz 2160ms (cache miss)
2592 http fetch GET 200 https://registry.npmjs.org/which/-/which-2.0.2.tgz 2155ms (cache miss)
2593 http fetch GET 200 https://registry.npmjs.org/esrecurse/-/esrecurse-4.3.0.tgz 2156ms (cache miss)
2594 http fetch GET 200 https://registry.npmjs.org/shebang-command/-/shebang-command-2.0.0.tgz 2167ms (cache miss)
2595 http fetch GET 200 https://registry.npmjs.org/flat-cache/-/flat-cache-4.0.1.tgz 2174ms (cache miss)
2596 http fetch GET 200 https://registry.npmjs.org/ansi-styles/-/ansi-styles-4.3.0.tgz 2171ms (cache miss)
2597 http fetch GET 200 https://registry.npmjs.org/supports-color/-/supports-color-7.2.0.tgz 2171ms (cache miss)
2598 http fetch GET 200 https://registry.npmjs.org/@humanfs/types/-/types-0.15.0.tgz 2169ms (cache miss)
2599 http fetch GET 200 https://registry.npmjs.org/optionator/-/optionator-0.9.4.tgz 2168ms (cache miss)
2600 http fetch GET 200 https://registry.npmjs.org/levn/-/levn-0.4.1.tgz 2175ms (cache miss)
2601 http fetch GET 200 https://registry.npmjs.org/natural-compare/-/natural-compare-1.4.0.tgz 2170ms (cache miss)
2602 http fetch GET 200 https://registry.npmjs.org/is-glob/-/is-glob-4.0.3.tgz 2169ms (cache miss)
2603 http fetch GET 200 https://registry.npmjs.org/file-entry-cache/-/file-entry-cache-8.0.0.tgz 2169ms (cache miss)
2604 http fetch GET 200 https://registry.npmjs.org/escape-string-regexp/-/escape-string-regexp-4.0.0.tgz 2165ms (cache miss)
2605 http fetch GET 200 https://registry.npmjs.org/chalk/-/chalk-4.1.2.tgz 2165ms (cache miss)
2606 http fetch GET 200 https://registry.npmjs.org/cross-spawn/-/cross-spawn-7.0.6.tgz 2162ms (cache miss)
2607 http fetch GET 200 https://registry.npmjs.org/@types/estree/-/estree-1.0.9.tgz 2167ms (cache miss)
2608 http fetch GET 200 https://registry.npmjs.org/commander/-/commander-4.1.1.tgz 2287ms (cache miss)
2609 http fetch GET 200 https://registry.npmjs.org/p-limit/-/p-limit-3.1.0.tgz 2245ms (cache miss)
2610 http fetch GET 200 https://registry.npmjs.org/strip-json-comments/-/strip-json-comments-3.1.1.tgz 2212ms (cache miss)
2611 http fetch GET 200 https://registry.npmjs.org/lodash.merge/-/lodash.merge-4.6.2.tgz 2203ms (cache miss)
2612 http fetch GET 200 https://registry.npmjs.org/glob-parent/-/glob-parent-6.0.2.tgz 2203ms (cache miss)
2613 http fetch GET 200 https://registry.npmjs.org/import-fresh/-/import-fresh-3.3.1.tgz 2208ms (cache miss)
2614 http fetch GET 200 https://registry.npmjs.org/find-up/-/find-up-5.0.0.tgz 2206ms (cache miss)
2615 http fetch GET 200 https://registry.npmjs.org/fast-deep-equal/-/fast-deep-equal-3.1.3.tgz 2207ms (cache miss)
2616 http fetch GET 200 https://registry.npmjs.org/update-browserslist-db/-/update-browserslist-db-1.2.3.tgz 2196ms (cache miss)
2617 http fetch GET 200 https://registry.npmjs.org/node-releases/-/node-releases-2.0.51.tgz 2196ms (cache miss)
2618 http fetch GET 200 https://registry.npmjs.org/follow-redirects/-/follow-redirects-1.16.0.tgz 2183ms (cache miss)
2619 http fetch GET 200 https://registry.npmjs.org/@types/babel__template/-/babel__template-7.4.4.tgz 2190ms (cache miss)
2620 http fetch GET 200 https://registry.npmjs.org/postcss-value-parser/-/postcss-value-parser-4.2.0.tgz 2185ms (cache miss)
2621 http fetch GET 200 https://registry.npmjs.org/combined-stream/-/combined-stream-1.0.8.tgz 2262ms (cache miss)
2622 http fetch GET 200 https://registry.npmjs.org/@babel/helper-string-parser/-/helper-string-parser-7.29.7.tgz 2202ms (cache miss)
2623 http fetch GET 200 https://registry.npmjs.org/@humanwhocodes/retry/-/retry-0.4.3.tgz 2228ms (cache miss)
2624 http fetch GET 200 https://registry.npmjs.org/@types/babel__generator/-/babel__generator-7.27.0.tgz 2202ms (cache miss)
2625 http fetch GET 200 https://registry.npmjs.org/https-proxy-agent/-/https-proxy-agent-5.0.1.tgz 2264ms (cache miss)
2626 http fetch GET 200 https://registry.npmjs.org/keyv/-/keyv-4.5.4.tgz 2330ms (cache miss)
2627 http fetch GET 200 https://registry.npmjs.org/jsesc/-/jsesc-3.1.0.tgz 2272ms (cache miss)
2628 http fetch GET 200 https://registry.npmjs.org/@babel/helper-globals/-/helper-globals-7.29.7.tgz 2272ms (cache miss)
2629 http fetch GET 200 https://registry.npmjs.org/lru-cache/-/lru-cache-5.1.1.tgz 2271ms (cache miss)
2630 http fetch GET 200 https://registry.npmjs.org/@alloc/quick-lru/-/quick-lru-5.2.0.tgz 2393ms (cache miss)
2631 http fetch GET 200 https://registry.npmjs.org/@babel/compat-data/-/compat-data-7.29.7.tgz 2306ms (cache miss)
2632 http fetch GET 200 https://registry.npmjs.org/js-tokens/-/js-tokens-4.0.0.tgz 2307ms (cache miss)
2633 http fetch GET 200 https://registry.npmjs.org/picocolors/-/picocolors-1.1.1.tgz 2309ms (cache miss)
2634 http fetch GET 200 https://registry.npmjs.org/object-hash/-/object-hash-3.0.0.tgz 2451ms (cache miss)
2635 http fetch GET 200 https://registry.npmjs.org/@babel/helper-plugin-utils/-/helper-plugin-utils-7.29.7.tgz 2341ms (cache miss)
2636 http fetch GET 200 https://registry.npmjs.org/debug/-/debug-4.4.3.tgz 2340ms (cache miss)
2637 http fetch GET 200 https://registry.npmjs.org/proxy-from-env/-/proxy-from-env-2.1.0.tgz 2377ms (cache miss)
2638 http fetch GET 200 https://registry.npmjs.org/@types/json-schema/-/json-schema-7.0.15.tgz 2405ms (cache miss)
2639 http fetch GET 200 https://registry.npmjs.org/esbuild/-/esbuild-0.25.12.tgz 2530ms (cache miss)
2640 http fetch GET 200 https://registry.npmjs.org/@types/babel__traverse/-/babel__traverse-7.28.0.tgz 2381ms (cache miss)
2641 http fetch GET 200 https://registry.npmjs.org/@jridgewell/resolve-uri/-/resolve-uri-3.1.2.tgz 2381ms (cache miss)
2642 http fetch GET 200 https://registry.npmjs.org/convert-source-map/-/convert-source-map-2.0.0.tgz 2366ms (cache miss)
2643 http fetch GET 200 https://registry.npmjs.org/@babel/helper-validator-option/-/helper-validator-option-7.29.7.tgz 2375ms (cache miss)
2644 http fetch GET 200 https://registry.npmjs.org/readdirp/-/readdirp-3.6.0.tgz 2521ms (cache miss)
2645 http fetch GET 200 https://registry.npmjs.org/@babel/plugin-transform-react-jsx-self/-/plugin-transform-react-jsx-self-7.29.7.tgz 2378ms (cache miss)
2646 http fetch GET 200 https://registry.npmjs.org/@babel/plugin-transform-react-jsx-source/-/plugin-transform-react-jsx-source-7.29.7.tgz 2378ms (cache miss)
2647 http fetch GET 200 https://registry.npmjs.org/@types/babel__core/-/babel__core-7.20.5.tgz 2381ms (cache miss)
2648 http fetch GET 200 https://registry.npmjs.org/react-refresh/-/react-refresh-0.17.0.tgz 2383ms (cache miss)
2649 http fetch GET 200 https://registry.npmjs.org/@types/prop-types/-/prop-types-15.7.15.tgz 2394ms (cache miss)
2650 http fetch GET 200 https://registry.npmjs.org/@rolldown/pluginutils/-/pluginutils-1.0.0-beta.27.tgz 2399ms (cache miss)
2651 http fetch GET 200 https://registry.npmjs.org/@jridgewell/remapping/-/remapping-2.3.5.tgz 2434ms (cache miss)
2652 http fetch GET 200 https://registry.npmjs.org/eslint-plugin-react-refresh/-/eslint-plugin-react-refresh-0.4.26.tgz 2443ms (cache miss)
2653 http fetch GET 200 https://registry.npmjs.org/react-router-dom/-/react-router-dom-7.18.1.tgz 2473ms (cache miss)
2654 http fetch GET 200 https://registry.npmjs.org/ignore/-/ignore-5.3.2.tgz 2539ms (cache miss)
2655 http fetch GET 200 https://registry.npmjs.org/@eslint/js/-/js-9.39.5.tgz 2485ms (cache miss)
2656 http fetch GET 200 https://registry.npmjs.org/glob-parent/-/glob-parent-5.1.2.tgz 2514ms (cache miss)
2657 http fetch GET 200 https://registry.npmjs.org/cookie/-/cookie-1.1.1.tgz 2658ms (cache miss)
2658 http fetch GET 200 https://registry.npmjs.org/@eslint/core/-/core-0.17.0.tgz 2602ms (cache miss)
2659 http fetch GET 200 https://registry.npmjs.org/@types/react-dom/-/react-dom-18.3.7.tgz 2554ms (cache miss)
2660 http fetch GET 200 https://registry.npmjs.org/fdir/-/fdir-6.5.0.tgz 2562ms (cache miss)
2661 http fetch GET 200 https://registry.npmjs.org/react-is/-/react-is-16.13.1.tgz 2566ms (cache miss)
2662 http fetch GET 200 https://registry.npmjs.org/@babel/code-frame/-/code-frame-7.29.7.tgz 2595ms (cache miss)
2663 http fetch GET 200 https://registry.npmjs.org/brace-expansion 2430ms (cache miss)
2664 silly packumentCache corgi:https://registry.npmjs.org/brace-expansion set size:undefined disposed:false
2665 http fetch GET 200 https://registry.npmjs.org/glob-parent/-/glob-parent-5.1.2.tgz 2594ms (cache miss)
2666 http fetch GET 200 https://registry.npmjs.org/micromatch/-/micromatch-4.0.8.tgz 2763ms (cache miss)
2667 http fetch GET 200 https://registry.npmjs.org/semver/-/semver-6.3.1.tgz 2643ms (cache miss)
2668 http fetch GET 200 https://registry.npmjs.org/mime-db/-/mime-db-1.52.0.tgz 2752ms (cache miss)
2669 http fetch GET 200 https://registry.npmjs.org/fdir/-/fdir-6.5.0.tgz 2609ms (cache miss)
2670 http fetch GET 200 https://registry.npmjs.org/d3-timer/-/d3-timer-3.0.1.tgz 2854ms (cache miss)
2671 http fetch GET 200 https://registry.npmjs.org/eventemitter3/-/eventemitter3-4.0.7.tgz 2800ms (cache miss)
2672 http fetch GET 200 https://registry.npmjs.org/gensync/-/gensync-1.0.0-beta.2.tgz 2692ms (cache miss)
2673 http fetch GET 200 https://registry.npmjs.org/argparse/-/argparse-2.0.1.tgz 2801ms (cache miss)
2674 http fetch GET 200 https://registry.npmjs.org/es-set-tostringtag/-/es-set-tostringtag-2.1.0.tgz 2801ms (cache miss)
2675 http fetch GET 200 https://registry.npmjs.org/hasown/-/hasown-2.0.4.tgz 2820ms (cache miss)
2676 http fetch GET 200 https://registry.npmjs.org/chokidar/-/chokidar-3.6.0.tgz 2885ms (cache miss)
2677 http fetch GET 200 https://registry.npmjs.org/form-data/-/form-data-4.0.6.tgz 2814ms (cache miss)
2678 http fetch GET 200 https://registry.npmjs.org/picomatch/-/picomatch-2.3.2.tgz 2932ms (cache miss)
2679 http fetch GET 200 https://registry.npmjs.org/globals/-/globals-14.0.0.tgz 2781ms (cache miss)
2680 http fetch GET 200 https://registry.npmjs.org/globals/-/globals-15.15.0.tgz 2830ms (cache miss)
2681 http fetch GET 200 https://registry.npmjs.org/@humanfs/node/-/node-0.16.8.tgz 2899ms (cache miss)
2682 http fetch GET 200 https://registry.npmjs.org/braces/-/braces-3.0.3.tgz 3007ms (cache miss)
2683 http fetch GET 200 https://registry.npmjs.org/browserslist/-/browserslist-4.28.7.tgz 2912ms (cache miss)
2684 http fetch GET 200 https://registry.npmjs.org/espree/-/espree-10.4.0.tgz 3015ms (cache miss)
2685 http fetch GET 200 https://registry.npmjs.org/decimal.js-light/-/decimal.js-light-2.5.1.tgz 3098ms (cache miss)
2686 http fetch GET 200 https://registry.npmjs.org/prop-types/-/prop-types-15.8.1.tgz 3094ms (cache miss)
2687 http fetch GET 200 https://registry.npmjs.org/@babel/helper-validator-identifier/-/helper-validator-identifier-7.29.7.tgz 2984ms (cache miss)
2688 http fetch GET 200 https://registry.npmjs.org/reusify/-/reusify-1.1.0.tgz 3129ms (cache miss)
2689 http fetch GET 200 https://registry.npmjs.org/@vitejs/plugin-react/-/plugin-react-4.7.0.tgz 2963ms (cache miss)
2690 http fetch GET 200 https://registry.npmjs.org/baseline-browser-mapping/-/baseline-browser-mapping-2.11.4.tgz 3021ms (cache miss)
2691 http fetch GET 200 https://registry.npmjs.org/electron-to-chromium/-/electron-to-chromium-1.5.396.tgz 3067ms (cache miss)
2692 http fetch GET 200 https://registry.npmjs.org/eslint-visitor-keys/-/eslint-visitor-keys-3.4.3.tgz 3005ms (cache miss)
2693 http fetch GET 200 https://registry.npmjs.org/@eslint-community/regexpp/-/regexpp-4.12.2.tgz 3081ms (cache miss)
2694 http fetch GET 200 https://registry.npmjs.org/eslint-plugin-react-hooks/-/eslint-plugin-react-hooks-5.2.0.tgz 3046ms (cache miss)
2695 http fetch GET 200 https://registry.npmjs.org/picomatch/-/picomatch-4.0.5.tgz 3043ms (cache miss)
2696 http fetch GET 200 https://registry.npmjs.org/@babel/helper-module-imports/-/helper-module-imports-7.29.7.tgz 3088ms (cache miss)
2697 http fetch GET 200 https://registry.npmjs.org/picomatch/-/picomatch-4.0.5.tgz 3029ms (cache miss)
2698 http fetch GET 200 https://registry.npmjs.org/@eslint/config-helpers/-/config-helpers-0.4.2.tgz 3126ms (cache miss)
2699 http fetch GET 200 https://registry.npmjs.org/@eslint/plugin-kit/-/plugin-kit-0.4.1.tgz 3152ms (cache miss)
2700 http fetch GET 200 https://registry.npmjs.org/@eslint-community/eslint-utils/-/eslint-utils-4.10.1.tgz 3156ms (cache miss)
2701 http fetch GET 200 https://registry.npmjs.org/has-symbols/-/has-symbols-1.1.0.tgz 3236ms (cache miss)
2702 http fetch GET 200 https://registry.npmjs.org/d3-time/-/d3-time-3.1.0.tgz 3341ms (cache miss)
2703 http fetch GET 200 https://registry.npmjs.org/eslint-scope/-/eslint-scope-8.4.0.tgz 3272ms (cache miss)
2704 http fetch GET 200 https://registry.npmjs.org/acorn/-/acorn-8.17.0.tgz 3307ms (cache miss)
2705 http fetch GET 200 https://registry.npmjs.org/@nodelib/fs.stat/-/fs.stat-2.0.5.tgz 3403ms (cache miss)
2706 http fetch GET 200 https://registry.npmjs.org/scheduler/-/scheduler-0.23.2.tgz 3400ms (cache miss)
2707 http fetch GET 200 https://registry.npmjs.org/fast-equals/-/fast-equals-5.4.1.tgz 3433ms (cache miss)
2708 http fetch GET 200 https://registry.npmjs.org/asynckit/-/asynckit-0.4.0.tgz 3401ms (cache miss)
2709 http fetch GET 200 https://registry.npmjs.org/source-map-js/-/source-map-js-1.2.1.tgz 3477ms (cache miss)
2710 http fetch GET 200 https://registry.npmjs.org/@babel/helper-compilation-targets/-/helper-compilation-targets-7.29.7.tgz 3365ms (cache miss)
2711 http fetch GET 200 https://registry.npmjs.org/csstype/-/csstype-3.2.3.tgz 3381ms (cache miss)
2712 http fetch GET 200 https://registry.npmjs.org/@babel/helper-module-transforms/-/helper-module-transforms-7.29.7.tgz 3404ms (cache miss)
2713 http fetch GET 200 https://registry.npmjs.org/@types/react/-/react-18.3.31.tgz 3395ms (cache miss)
2714 http fetch GET 200 https://registry.npmjs.org/brace-expansion/-/brace-expansion-1.1.16.tgz 3538ms (cache miss)
2715 http fetch GET 200 https://registry.npmjs.org/recharts-scale/-/recharts-scale-0.4.5.tgz 3560ms (cache miss)
2716 http fetch GET 200 https://registry.npmjs.org/@babel/template/-/template-7.29.7.tgz 3443ms (cache miss)
2717 http fetch GET 200 https://registry.npmjs.org/fraction.js/-/fraction.js-5.3.4.tgz 3465ms (cache miss)
2718 http fetch GET 200 https://registry.npmjs.org/react-router 3276ms (cache miss)
2719 silly packumentCache corgi:https://registry.npmjs.org/react-router set size:undefined disposed:false
2720 http fetch GET 200 https://registry.npmjs.org/@eslint/config-array/-/config-array-0.21.2.tgz 3562ms (cache miss)
2721 http fetch GET 200 https://registry.npmjs.org/json5/-/json5-2.2.3.tgz 3559ms (cache miss)
2722 http fetch GET 200 https://registry.npmjs.org/react/-/react-18.3.1.tgz 3553ms (cache miss)
2723 silly packumentCache corgi:https://registry.npmjs.org/minimatch cache-miss
2724 http fetch GET 200 https://registry.npmjs.org/esquery/-/esquery-1.7.0.tgz 3643ms (cache miss)
2725 http fetch GET 200 https://registry.npmjs.org/@rollup/rollup-win32-x64-gnu/-/rollup-win32-x64-gnu-4.62.3.tgz 3819ms (cache miss)
2726 http fetch GET 200 https://registry.npmjs.org/d3-scale/-/d3-scale-4.0.2.tgz 3859ms (cache miss)
2727 http fetch GET 200 https://registry.npmjs.org/@jridgewell/sourcemap-codec/-/sourcemap-codec-1.5.5.tgz 3721ms (cache miss)
2728 http fetch GET 200 https://registry.npmjs.org/d3-interpolate/-/d3-interpolate-3.0.1.tgz 3893ms (cache miss)
2729 http fetch GET 200 https://registry.npmjs.org/@babel/parser/-/parser-7.29.7.tgz 3743ms (cache miss)
2730 http fetch GET 200 https://registry.npmjs.org/@rollup/rollup-win32-x64-msvc/-/rollup-win32-x64-msvc-4.62.3.tgz 3968ms (cache miss)
2731 http fetch GET 200 https://registry.npmjs.org/react-hot-toast/-/react-hot-toast-2.6.0.tgz 3795ms (cache miss)
2732 http fetch GET 200 https://registry.npmjs.org/minimatch 231ms (cache miss)
2733 silly packumentCache corgi:https://registry.npmjs.org/minimatch set size:undefined disposed:false
2734 http fetch GET 200 https://registry.npmjs.org/@jridgewell/gen-mapping/-/gen-mapping-0.3.13.tgz 3847ms (cache miss)
2735 http fetch GET 200 https://registry.npmjs.org/react-smooth/-/react-smooth-4.0.4.tgz 3999ms (cache miss)
2736 silly packumentCache corgi:https://registry.npmjs.org/react-router-dom cache-miss
2737 http fetch GET 200 https://registry.npmjs.org/react-transition-group/-/react-transition-group-4.4.5.tgz 4089ms (cache miss)
2738 http fetch GET 200 https://registry.npmjs.org/jiti/-/jiti-1.21.7.tgz 4128ms (cache miss)
2739 http fetch GET 200 https://registry.npmjs.org/d3-time-format/-/d3-time-format-4.1.0.tgz 4176ms (cache miss)
2740 http fetch GET 200 https://registry.npmjs.org/@eslint/eslintrc/-/eslintrc-3.3.6.tgz 4064ms (cache miss)
2741 http fetch GET 200 https://registry.npmjs.org/postcss-selector-parser/-/postcss-selector-parser-6.1.4.tgz 4219ms (cache miss)
2742 http fetch GET 200 https://registry.npmjs.org/js-yaml/-/js-yaml-4.3.0.tgz 4271ms (cache miss)
2743 http fetch GET 200 https://registry.npmjs.org/@jridgewell/trace-mapping/-/trace-mapping-0.3.31.tgz 4262ms (cache miss)
2744 http fetch GET 200 https://registry.npmjs.org/react-router-dom 403ms (cache miss)
2745 silly packumentCache corgi:https://registry.npmjs.org/react-router-dom set size:undefined disposed:false
2746 http fetch GET 200 https://registry.npmjs.org/postcss/-/postcss-8.5.23.tgz 5395ms (cache miss)
2747 silly packumentCache corgi:https://registry.npmjs.org/eslint cache-miss
2748 silly packumentCache corgi:https://registry.npmjs.org/@eslint%2fconfig-array cache-miss
2749 silly packumentCache corgi:https://registry.npmjs.org/@eslint%2feslintrc cache-miss
2750 http fetch GET 200 https://registry.npmjs.org/rollup/-/rollup-4.62.3.tgz 5627ms (cache miss)
2751 http fetch GET 200 https://registry.npmjs.org/@babel/generator/-/generator-7.29.7.tgz 5446ms (cache miss)
2752 http fetch GET 200 https://registry.npmjs.org/d3-array/-/d3-array-3.2.4.tgz 5669ms (cache miss)
2753 http fetch GET 200 https://registry.npmjs.org/@eslint%2fconfig-array 127ms (cache miss)
2754 silly packumentCache corgi:https://registry.npmjs.org/@eslint%2fconfig-array set size:undefined disposed:false
2755 http fetch GET 200 https://registry.npmjs.org/@eslint%2feslintrc 135ms (cache miss)
2756 silly packumentCache corgi:https://registry.npmjs.org/@eslint%2feslintrc set size:undefined disposed:false
2757 http fetch GET 200 https://registry.npmjs.org/uri-js/-/uri-js-4.4.1.tgz 5666ms (cache miss)
2758 http fetch GET 200 https://registry.npmjs.org/vite/-/vite-6.4.3.tgz 5578ms (cache miss)
2759 http fetch GET 200 https://registry.npmjs.org/goober/-/goober-2.1.19.tgz 5719ms (cache miss)
2760 http fetch GET 200 https://registry.npmjs.org/fast-glob/-/fast-glob-3.3.3.tgz 5768ms (cache miss)
2761 http fetch GET 200 https://registry.npmjs.org/d3-shape/-/d3-shape-3.2.0.tgz 5851ms (cache miss)
2762 http fetch GET 200 https://registry.npmjs.org/eslint 297ms (cache miss)
2763 silly packumentCache corgi:https://registry.npmjs.org/eslint set size:undefined disposed:false
2764 http fetch GET 200 https://registry.npmjs.org/react-dom/-/react-dom-18.3.1.tgz 5754ms (cache miss)
2765 silly packumentCache corgi:https://registry.npmjs.org/eslint-plugin-react-hooks cache-miss
2766 silly packumentCache corgi:https://registry.npmjs.org/eslint-plugin-react-refresh cache-miss
2767 silly packumentCache corgi:https://registry.npmjs.org/@eslint-community%2feslint-utils cache-miss
2768 http fetch GET 200 https://registry.npmjs.org/@babel/traverse/-/traverse-7.29.7.tgz 5937ms (cache miss)
2769 http fetch GET 200 https://registry.npmjs.org/eslint-plugin-react-refresh 116ms (cache miss)
2770 silly packumentCache corgi:https://registry.npmjs.org/eslint-plugin-react-refresh set size:undefined disposed:false
2771 http fetch GET 200 https://registry.npmjs.org/@eslint-community%2feslint-utils 125ms (cache miss)
2772 silly packumentCache corgi:https://registry.npmjs.org/@eslint-community%2feslint-utils set size:undefined disposed:false
2773 http fetch GET 200 https://registry.npmjs.org/autoprefixer/-/autoprefixer-10.5.4.tgz 6085ms (cache miss)
2774 http fetch GET 200 https://registry.npmjs.org/@esbuild/win32-x64/-/win32-x64-0.25.12.tgz 6509ms (cache miss)
2775 http fetch GET 200 https://registry.npmjs.org/ajv/-/ajv-6.15.0.tgz 6382ms (cache miss)
2776 http fetch GET 200 https://registry.npmjs.org/axios/-/axios-1.18.1.tgz 6388ms (cache miss)
2777 http fetch GET 200 https://registry.npmjs.org/resolve/-/resolve-1.22.12.tgz 6582ms (cache miss)
2778 http fetch GET 200 https://registry.npmjs.org/eslint-plugin-react-hooks 621ms (cache miss)
2779 silly packumentCache corgi:https://registry.npmjs.org/eslint-plugin-react-hooks set size:undefined disposed:false
2780 http fetch GET 200 https://registry.npmjs.org/prettier/-/prettier-3.9.6.tgz 6832ms (cache miss)
2781 http fetch GET 200 https://registry.npmjs.org/@babel/core/-/core-7.29.7.tgz 6930ms (cache miss)
2782 http fetch GET 200 https://registry.npmjs.org/@babel/types/-/types-7.29.7.tgz 7556ms (cache miss)
2783 http fetch GET 200 https://registry.npmjs.org/dom-helpers/-/dom-helpers-5.2.1.tgz 7694ms (cache miss)
2784 http fetch GET 200 https://registry.npmjs.org/react-router/-/react-router-7.18.1.tgz 7702ms (cache miss)
2785 http fetch GET 200 https://registry.npmjs.org/@babel/runtime/-/runtime-7.29.7.tgz 7761ms (cache miss)
2786 http fetch GET 200 https://registry.npmjs.org/react-hook-form/-/react-hook-form-7.83.0.tgz 7651ms (cache miss)
2787 http fetch GET 200 https://registry.npmjs.org/sucrase/-/sucrase-3.35.1.tgz 7897ms (cache miss)
2788 http fetch GET 200 https://registry.npmjs.org/@babel/helpers/-/helpers-7.29.7.tgz 7910ms (cache miss)
2789 http fetch GET 200 https://registry.npmjs.org/tailwindcss/-/tailwindcss-3.4.19.tgz 8008ms (cache miss)
2790 http fetch GET 200 https://registry.npmjs.org/recharts/-/recharts-2.15.4.tgz 8216ms (cache miss)
2791 warn deprecated recharts@2.15.4: 1.x and 2.x branches are no longer active. Bump to Recharts v3 to receive latest features and bugfixes. See https://github.com/recharts/recharts/wiki/3.0-migration-guide
2792 http fetch GET 200 https://registry.npmjs.org/victory-vendor/-/victory-vendor-36.9.2.tgz 8422ms (cache miss)
2793 http fetch GET 200 https://registry.npmjs.org/@hookform/resolvers/-/resolvers-3.10.0.tgz 8547ms (cache miss)
2794 http fetch GET 200 https://registry.npmjs.org/eslint/-/eslint-9.39.5.tgz 8722ms (cache miss)
2795 http fetch GET 200 https://registry.npmjs.org/lodash/-/lodash-4.18.1.tgz 9432ms (cache miss)
2796 http fetch GET 200 https://registry.npmjs.org/caniuse-lite/-/caniuse-lite-1.0.30001806.tgz 9734ms (cache miss)
2797 http fetch GET 200 https://registry.npmjs.org/lucide-react/-/lucide-react-0.468.0.tgz 18684ms (cache miss)
2798 info run esbuild@0.25.12 postinstall node_modules/esbuild node install.js
2799 info run esbuild@0.25.12 postinstall { code: 0, signal: null }
2800 silly ADD node_modules/isexe
2801 silly ADD node_modules/@rollup/rollup-win32-x64-msvc
2802 silly ADD node_modules/@rollup/rollup-win32-x64-gnu
2803 silly ADD node_modules/@esbuild/win32-x64
2804 silly ADD node_modules/rollup
2805 silly ADD node_modules/esbuild
2806 silly ADD node_modules/d3-path
2807 silly ADD node_modules/d3-time-format
2808 silly ADD node_modules/d3-format
2809 silly ADD node_modules/d3-color
2810 silly ADD node_modules/internmap
2811 silly ADD node_modules/@types/d3-path
2812 silly ADD node_modules/@types/d3-color
2813 silly ADD node_modules/d3-timer
2814 silly ADD node_modules/d3-time
2815 silly ADD node_modules/d3-shape
2816 silly ADD node_modules/d3-scale
2817 silly ADD node_modules/d3-interpolate
2818 silly ADD node_modules/d3-ease
2819 silly ADD node_modules/d3-array
2820 silly ADD node_modules/@types/d3-timer
2821 silly ADD node_modules/@types/d3-time
2822 silly ADD node_modules/@types/d3-shape
2823 silly ADD node_modules/@types/d3-scale
2824 silly ADD node_modules/@types/d3-interpolate
2825 silly ADD node_modules/@types/d3-ease
2826 silly ADD node_modules/@types/d3-array
2827 silly ADD node_modules/punycode
2828 silly ADD node_modules/escalade
2829 silly ADD node_modules/is-number
2830 silly ADD node_modules/thenify
2831 silly ADD node_modules/thenify-all
2832 silly ADD node_modules/any-promise
2833 silly ADD node_modules/ts-interface-checker
2834 silly ADD node_modules/tinyglobby
2835 silly ADD node_modules/tinyglobby/node_modules/picomatch
2836 silly ADD node_modules/tinyglobby/node_modules/fdir
2837 silly ADD node_modules/pirates
2838 silly ADD node_modules/mz
2839 silly ADD node_modules/lines-and-columns
2840 silly ADD node_modules/commander
2841 silly ADD node_modules/queue-microtask
2842 silly ADD node_modules/supports-preserve-symlinks-flag
2843 silly ADD node_modules/path-parse
2844 silly ADD node_modules/is-core-module
2845 silly ADD node_modules/pify
2846 silly ADD node_modules/util-deprecate
2847 silly ADD node_modules/cssesc
2848 silly ADD node_modules/camelcase-css
2849 silly ADD node_modules/read-cache
2850 silly ADD node_modules/binary-extensions
2851 silly ADD node_modules/to-regex-range
2852 silly ADD node_modules/reusify
2853 silly ADD node_modules/run-parallel
2854 silly ADD node_modules/fastq
2855 silly ADD node_modules/@nodelib/fs.scandir
2856 silly ADD node_modules/merge2
2857 silly ADD node_modules/@nodelib/fs.walk
2858 silly ADD node_modules/@nodelib/fs.stat
2859 silly ADD node_modules/fill-range
2860 silly ADD node_modules/picomatch
2861 silly ADD node_modules/readdirp
2862 silly ADD node_modules/is-binary-path
2863 silly ADD node_modules/braces
2864 silly ADD node_modules/anymatch
2865 silly ADD node_modules/sucrase
2866 silly ADD node_modules/resolve
2867 silly ADD node_modules/postcss-selector-parser
2868 silly ADD node_modules/postcss-nested
2869 silly ADD node_modules/postcss-load-config
2870 silly ADD node_modules/postcss-js
2871 silly ADD node_modules/postcss-import
2872 silly ADD node_modules/object-hash
2873 silly ADD node_modules/normalize-path
2874 silly ADD node_modules/micromatch
2875 silly ADD node_modules/lilconfig
2876 silly ADD node_modules/jiti
2877 silly ADD node_modules/fast-glob
2878 silly ADD node_modules/fast-glob/node_modules/glob-parent
2879 silly ADD node_modules/dlv
2880 silly ADD node_modules/didyoumean
2881 silly ADD node_modules/chokidar
2882 silly ADD node_modules/chokidar/node_modules/glob-parent
2883 silly ADD node_modules/arg
2884 silly ADD node_modules/@alloc/quick-lru
2885 silly ADD node_modules/has-flag
2886 silly ADD node_modules/shebang-regex
2887 silly ADD node_modules/decimal.js-light
2888 silly ADD node_modules/dom-helpers
2889 silly ADD node_modules/@babel/runtime
2890 silly ADD node_modules/object-assign
2891 silly ADD node_modules/react-transition-group
2892 silly ADD node_modules/prop-types
2893 silly ADD node_modules/prop-types/node_modules/react-is
2894 silly ADD node_modules/fast-equals
2895 silly ADD node_modules/victory-vendor
2896 silly ADD node_modules/tiny-invariant
2897 silly ADD node_modules/recharts-scale
2898 silly ADD node_modules/react-smooth
2899 silly ADD node_modules/react-is
2900 silly ADD node_modules/lodash
2901 silly ADD node_modules/eventemitter3
2902 silly ADD node_modules/clsx
2903 silly ADD node_modules/set-cookie-parser
2904 silly ADD node_modules/cookie
2905 silly ADD node_modules/react-router
2906 silly ADD node_modules/goober
2907 silly ADD node_modules/scheduler
2908 silly ADD node_modules/loose-envify
2909 silly ADD node_modules/source-map-js
2910 silly ADD node_modules/nanoid
2911 silly ADD node_modules/callsites
2912 silly ADD node_modules/yocto-queue
2913 silly ADD node_modules/p-limit
2914 silly ADD node_modules/word-wrap
2915 silly ADD node_modules/fast-levenshtein
2916 silly ADD node_modules/deep-is
2917 silly ADD node_modules/concat-map
2918 silly ADD node_modules/balanced-match
2919 silly ADD node_modules/brace-expansion
2920 silly ADD node_modules/mime-db
2921 silly ADD node_modules/yallist
2922 silly ADD node_modules/p-locate
2923 silly ADD node_modules/type-check
2924 silly ADD node_modules/prelude-ls
2925 silly ADD node_modules/json-buffer
2926 silly ADD node_modules/argparse
2927 silly ADD node_modules/is-extglob
2928 silly ADD node_modules/resolve-from
2929 silly ADD node_modules/parent-module
2930 silly ADD node_modules/agent-base
2931 silly ADD node_modules/dunder-proto
2932 silly ADD node_modules/math-intrinsics
2933 silly ADD node_modules/has-symbols
2934 silly ADD node_modules/gopd
2935 silly ADD node_modules/get-proto
2936 silly ADD node_modules/function-bind
2937 silly ADD node_modules/es-object-atoms
2938 silly ADD node_modules/es-define-property
2939 silly ADD node_modules/call-bind-apply-helpers
2940 silly ADD node_modules/has-tostringtag
2941 silly ADD node_modules/get-intrinsic
2942 silly ADD node_modules/es-errors
2943 silly ADD node_modules/delayed-stream
2944 silly ADD node_modules/mime-types
2945 silly ADD node_modules/hasown
2946 silly ADD node_modules/es-set-tostringtag
2947 silly ADD node_modules/combined-stream
2948 silly ADD node_modules/asynckit
2949 silly ADD node_modules/keyv
2950 silly ADD node_modules/flatted
2951 silly ADD node_modules/path-exists
2952 silly ADD node_modules/locate-path
2953 silly ADD node_modules/flat-cache
2954 silly ADD node_modules/acorn-jsx
2955 silly ADD node_modules/acorn
2956 silly ADD node_modules/estraverse
2957 silly ADD node_modules/esrecurse
2958 silly ADD node_modules/which
2959 silly ADD node_modules/shebang-command
2960 silly ADD node_modules/path-key
2961 silly ADD node_modules/color-name
2962 silly ADD node_modules/color-convert
2963 silly ADD node_modules/supports-color
2964 silly ADD node_modules/ansi-styles
2965 silly ADD node_modules/uri-js
2966 silly ADD node_modules/json-schema-traverse
2967 silly ADD node_modules/fast-json-stable-stringify
2968 silly ADD node_modules/@humanfs/types
2969 silly ADD node_modules/@humanfs/core
2970 silly ADD node_modules/levn
2971 silly ADD node_modules/strip-json-comments
2972 silly ADD node_modules/js-yaml
2973 silly ADD node_modules/import-fresh
2974 silly ADD node_modules/@types/json-schema
2975 silly ADD node_modules/@eslint/object-schema
2976 silly ADD node_modules/optionator
2977 silly ADD node_modules/natural-compare
2978 silly ADD node_modules/minimatch
2979 silly ADD node_modules/lodash.merge
2980 silly ADD node_modules/json-stable-stringify-without-jsonify
2981 silly ADD node_modules/is-glob
2982 silly ADD node_modules/imurmurhash
2983 silly ADD node_modules/ignore
2984 silly ADD node_modules/glob-parent
2985 silly ADD node_modules/find-up
2986 silly ADD node_modules/file-entry-cache
2987 silly ADD node_modules/fast-deep-equal
2988 silly ADD node_modules/esutils
2989 silly ADD node_modules/esquery
2990 silly ADD node_modules/espree
2991 silly ADD node_modules/eslint-visitor-keys
2992 silly ADD node_modules/eslint-scope
2993 silly ADD node_modules/escape-string-regexp
2994 silly ADD node_modules/cross-spawn
2995 silly ADD node_modules/chalk
2996 silly ADD node_modules/ajv
2997 silly ADD node_modules/@types/estree
2998 silly ADD node_modules/@humanwhocodes/retry
2999 silly ADD node_modules/@humanwhocodes/module-importer
3000 silly ADD node_modules/@humanfs/node
3001 silly ADD node_modules/@eslint/plugin-kit
3002 silly ADD node_modules/@eslint/eslintrc
3003 silly ADD node_modules/@eslint/eslintrc/node_modules/globals
3004 silly ADD node_modules/@eslint/core
3005 silly ADD node_modules/@eslint/config-helpers
3006 silly ADD node_modules/@eslint/config-array
3007 silly ADD node_modules/@eslint-community/regexpp
3008 silly ADD node_modules/@eslint-community/eslint-utils
3009 silly ADD node_modules/@eslint-community/eslint-utils/node_modules/eslint-visitor-keys
3010 silly ADD node_modules/ms
3011 silly ADD node_modules/update-browserslist-db
3012 silly ADD node_modules/node-releases
3013 silly ADD node_modules/electron-to-chromium
3014 silly ADD node_modules/baseline-browser-mapping
3015 silly ADD node_modules/proxy-from-env
3016 silly ADD node_modules/https-proxy-agent
3017 silly ADD node_modules/form-data
3018 silly ADD node_modules/follow-redirects
3019 silly ADD node_modules/postcss-value-parser
3020 silly ADD node_modules/fraction.js
3021 silly ADD node_modules/caniuse-lite
3022 silly ADD node_modules/@types/babel__traverse
3023 silly ADD node_modules/@types/babel__template
3024 silly ADD node_modules/@types/babel__generator
3025 silly ADD node_modules/@jridgewell/resolve-uri
3026 silly ADD node_modules/@jridgewell/sourcemap-codec
3027 silly ADD node_modules/@babel/helper-string-parser
3028 silly ADD node_modules/@babel/helper-globals
3029 silly ADD node_modules/@babel/helper-plugin-utils
3030 silly ADD node_modules/@babel/helper-module-imports
3031 silly ADD node_modules/lru-cache
3032 silly ADD node_modules/browserslist
3033 silly ADD node_modules/@babel/helper-validator-option
3034 silly ADD node_modules/@babel/compat-data
3035 silly ADD node_modules/jsesc
3036 silly ADD node_modules/@jridgewell/trace-mapping
3037 silly ADD node_modules/@jridgewell/gen-mapping
3038 silly ADD node_modules/picocolors
3039 silly ADD node_modules/js-tokens
3040 silly ADD node_modules/@babel/helper-validator-identifier
3041 silly ADD node_modules/semver
3042 silly ADD node_modules/json5
3043 silly ADD node_modules/gensync
3044 silly ADD node_modules/debug
3045 silly ADD node_modules/convert-source-map
3046 silly ADD node_modules/@jridgewell/remapping
3047 silly ADD node_modules/@babel/types
3048 silly ADD node_modules/@babel/traverse
3049 silly ADD node_modules/@babel/template
3050 silly ADD node_modules/@babel/parser
3051 silly ADD node_modules/@babel/helpers
3052 silly ADD node_modules/@babel/helper-module-transforms
3053 silly ADD node_modules/@babel/helper-compilation-targets
3054 silly ADD node_modules/@babel/generator
3055 silly ADD node_modules/@babel/code-frame
3056 silly ADD node_modules/react-refresh
3057 silly ADD node_modules/@types/babel__core
3058 silly ADD node_modules/@rolldown/pluginutils
3059 silly ADD node_modules/@babel/plugin-transform-react-jsx-source
3060 silly ADD node_modules/@babel/plugin-transform-react-jsx-self
3061 silly ADD node_modules/@babel/core
3062 silly ADD node_modules/csstype
3063 silly ADD node_modules/@types/prop-types
3064 silly ADD node_modules/tailwindcss
3065 silly ADD node_modules/recharts
3066 silly ADD node_modules/react-router-dom
3067 silly ADD node_modules/react-hot-toast
3068 silly ADD node_modules/react-dom
3069 silly ADD node_modules/prettier
3070 silly ADD node_modules/lucide-react
3071 silly ADD node_modules/globals
3072 silly ADD node_modules/eslint-plugin-react-refresh
3073 silly ADD node_modules/eslint-plugin-react-hooks
3074 silly ADD node_modules/eslint
3075 silly ADD node_modules/axios
3076 silly ADD node_modules/postcss
3077 silly ADD node_modules/autoprefixer
3078 silly ADD node_modules/vite
3079 silly ADD node_modules/vite/node_modules/picomatch
3080 silly ADD node_modules/vite/node_modules/fdir
3081 silly ADD node_modules/@vitejs/plugin-react
3082 silly ADD node_modules/@types/react-dom
3083 silly ADD node_modules/@types/react
3084 silly ADD node_modules/react
3085 silly ADD node_modules/react-hook-form
3086 silly ADD node_modules/@hookform/resolvers
3087 silly ADD node_modules/@eslint/js
3088 warn allow-scripts 1 package has install scripts not yet covered by allowScripts:
3088 warn allow-scripts   esbuild@0.25.12 (postinstall: node install.js)
3088 warn allow-scripts
3088 warn allow-scripts Run `npm approve-scripts --allow-scripts-pending` to review, or `npm approve-scripts <pkg>` to allow.
3089 verbose cwd C:\Users\hprsh\Documents\Codex\2026-07-27\files-mentioned-by-the-user-you\outputs\blog-management-frontend
3090 verbose os Windows_NT 10.0.26200
3091 verbose node v26.3.0
3092 verbose npm  v11.16.0
3093 notice
3093 notice New major version of npm available! 11.16.0 -> 12.0.1
3093 notice Changelog: https://github.com/npm/cli/releases/tag/v12.0.1
3093 notice To update run: npm install -g npm@12.0.1
3093 notice  { force: true, Symbol(proc-log.meta): true }
3094 verbose exit 0
3095 info ok
